-- ════════════════════════════════════════════════════════════
-- EQUIP2LEAD — COMPLETE SEED DATA (BILINGUAL EN/FR)
-- All 5 Tracks · 25 Pillars · 106 Dimensions · 434 Questions
-- ════════════════════════════════════════════════════════════

TRUNCATE questions, sub_domains, pillars, tracks CASCADE;

-- ═══ TRACK 1: LEADERSHIP COACHING ═══
INSERT INTO tracks (id,slug,name_en,name_fr,description_en,description_fr,icon,color,sort_order) VALUES ('00000000-0000-0000-0001-000000000001','leadership','Leadership Coaching','Coaching en Leadership','Develop your leadership across 5 Pillars and 21 dimensions — from personal mastery and directional clarity to relational intelligence, team performance, and multiplication & impact.','Développez votre leadership à travers 5 Piliers et 21 dimensions — de la maîtrise personnelle à l''intelligence relationnelle, la performance d''équipe et la multiplication de l''impact.','crown','#F9250E',1);

INSERT INTO pillars (id,track_id,slug,name_en,name_fr,description_en,description_fr,sort_order) VALUES ('00000000-0000-0000-0002-000000000001','00000000-0000-0000-0001-000000000001','personal-leadership','Personal Leadership','Personal Leadership','The Person — Inner mastery pillar','The Person — Inner mastery pillar',1);
INSERT INTO sub_domains (id,pillar_id,slug,name_en,name_fr,sort_order) VALUES ('00000000-0000-0000-0003-000000000001','00000000-0000-0000-0002-000000000001','self-awareness','Self-Awareness','Self-Awareness',1);
INSERT INTO questions (id,sub_domain_id,text_en,text_fr,sort_order) VALUES ('00000000-0000-0000-0004-000000000001','00000000-0000-0000-0003-000000000001','I can clearly identify my top 3 strengths and top 3 weaknesses as a leader.','Je peux clairement identifier mes 3 principales forces et 3 principales faiblesses en tant que leader.',1);
INSERT INTO questions (id,sub_domain_id,text_en,text_fr,sort_order) VALUES ('00000000-0000-0000-0004-000000000002','00000000-0000-0000-0003-000000000001','I regularly seek honest feedback from others about my leadership style.','Je recherche régulièrement des retours honnêtes sur mon style de leadership.',2);
INSERT INTO questions (id,sub_domain_id,text_en,text_fr,sort_order) VALUES ('00000000-0000-0000-0004-000000000003','00000000-0000-0000-0003-000000000001','I understand how my personality type affects the way I lead.','Je comprends comment mon type de personnalité affecte ma façon de diriger.',3);
INSERT INTO questions (id,sub_domain_id,text_en,text_fr,sort_order) VALUES ('00000000-0000-0000-0004-000000000004','00000000-0000-0000-0003-000000000001','I am aware of my emotional triggers and how they impact my decisions.','Je suis conscient de mes déclencheurs émotionnels et de leur impact sur mes décisions.',4);

INSERT INTO sub_domains (id,pillar_id,slug,name_en,name_fr,sort_order) VALUES ('00000000-0000-0000-0003-000000000002','00000000-0000-0000-0002-000000000001','emotional-intelligence','Emotional Intelligence','Emotional Intelligence',2);
INSERT INTO questions (id,sub_domain_id,text_en,text_fr,sort_order) VALUES ('00000000-0000-0000-0004-000000000005','00000000-0000-0000-0003-000000000002','I can remain calm and composed when under pressure or facing criticism.','Je reste calme et posé sous pression ou face aux critiques.',1);
INSERT INTO questions (id,sub_domain_id,text_en,text_fr,sort_order) VALUES ('00000000-0000-0000-0004-000000000006','00000000-0000-0000-0003-000000000002','I am able to read the emotions of others and respond appropriately.','Je suis capable de lire les émotions des autres et de répondre de manière appropriée.',2);
INSERT INTO questions (id,sub_domain_id,text_en,text_fr,sort_order) VALUES ('00000000-0000-0000-0004-000000000007','00000000-0000-0000-0003-000000000002','I manage frustration and anger constructively rather than reactively.','Je gère la frustration et la colère de manière constructive plutôt que réactive.',3);
INSERT INTO questions (id,sub_domain_id,text_en,text_fr,sort_order) VALUES ('00000000-0000-0000-0004-000000000008','00000000-0000-0000-0003-000000000002','I show genuine empathy when team members face personal challenges.','Je montre une empathie sincère quand mes collaborateurs font face à des défis personnels.',4);

INSERT INTO sub_domains (id,pillar_id,slug,name_en,name_fr,sort_order) VALUES ('00000000-0000-0000-0003-000000000003','00000000-0000-0000-0002-000000000001','leading-yourself-discipline-habits-character','Leading Yourself (Discipline, Habits, Character)','Leading Yourself (Discipline, Habits, Character)',3);
INSERT INTO questions (id,sub_domain_id,text_en,text_fr,sort_order) VALUES ('00000000-0000-0000-0004-000000000009','00000000-0000-0000-0003-000000000003','I consistently follow through on commitments I make to myself and others.','Je tiens systématiquement les engagements que je prends envers moi-même et les autres.',1);
INSERT INTO questions (id,sub_domain_id,text_en,text_fr,sort_order) VALUES ('00000000-0000-0000-0004-000000000010','00000000-0000-0000-0003-000000000003','I have daily disciplines (reading, prayer, exercise, reflection) that I maintain.','J''ai des disciplines quotidiennes (lecture, prière, exercice, réflexion) que je maintiens.',2);
INSERT INTO questions (id,sub_domain_id,text_en,text_fr,sort_order) VALUES ('00000000-0000-0000-0004-000000000011','00000000-0000-0000-0003-000000000003','My private life reflects the same standards I hold publicly.','Ma vie privée reflète les mêmes standards que j''affiche publiquement.',3);
INSERT INTO questions (id,sub_domain_id,text_en,text_fr,sort_order) VALUES ('00000000-0000-0000-0004-000000000012','00000000-0000-0000-0003-000000000003','I take ownership of my mistakes rather than blaming others or circumstances.','J''assume mes erreurs plutôt que de blâmer les autres ou les circonstances.',4);

INSERT INTO sub_domains (id,pillar_id,slug,name_en,name_fr,sort_order) VALUES ('00000000-0000-0000-0003-000000000004','00000000-0000-0000-0002-000000000001','leadership-styles-situational-leadership','Leadership Styles — Situational Leadership','Leadership Styles — Situational Leadership',4);
INSERT INTO questions (id,sub_domain_id,text_en,text_fr,sort_order) VALUES ('00000000-0000-0000-0004-000000000013','00000000-0000-0000-0003-000000000004','I adapt my leadership approach depending on the situation and the person.','J''adapte mon approche de leadership selon la situation et la personne.',1);
INSERT INTO questions (id,sub_domain_id,text_en,text_fr,sort_order) VALUES ('00000000-0000-0000-0004-000000000014','00000000-0000-0000-0003-000000000004','I know when to be directive and when to step back and empower others.','Je sais quand être directif et quand prendre du recul pour responsabiliser les autres.',2);
INSERT INTO questions (id,sub_domain_id,text_en,text_fr,sort_order) VALUES ('00000000-0000-0000-0004-000000000015','00000000-0000-0000-0003-000000000004','I can identify whether a team member needs coaching, support, or delegation.','Je peux identifier si un membre de l''équipe a besoin de coaching, de soutien ou de délégation.',3);
INSERT INTO questions (id,sub_domain_id,text_en,text_fr,sort_order) VALUES ('00000000-0000-0000-0004-000000000016','00000000-0000-0000-0003-000000000004','I am comfortable leading in both structured and ambiguous environments.','Je suis à l''aise pour diriger dans des environnements structurés comme ambigus.',4);

INSERT INTO sub_domains (id,pillar_id,slug,name_en,name_fr,sort_order) VALUES ('00000000-0000-0000-0003-000000000005','00000000-0000-0000-0002-000000000001','decision-making','Decision-Making','Decision-Making',5);
INSERT INTO questions (id,sub_domain_id,text_en,text_fr,sort_order) VALUES ('00000000-0000-0000-0004-000000000017','00000000-0000-0000-0003-000000000005','I make decisions confidently even when I don''t have all the information.','Je prends des décisions avec confiance même sans avoir toutes les informations.',1);
INSERT INTO questions (id,sub_domain_id,text_en,text_fr,sort_order) VALUES ('00000000-0000-0000-0004-000000000018','00000000-0000-0000-0003-000000000005','I consider the long-term consequences of my decisions, not just short-term wins.','Je considère les conséquences à long terme de mes décisions, pas seulement les gains à court terme.',2);
INSERT INTO questions (id,sub_domain_id,text_en,text_fr,sort_order) VALUES ('00000000-0000-0000-0004-000000000019','00000000-0000-0000-0003-000000000005','I involve the right people in decisions without being paralysed by consensus.','J''implique les bonnes personnes dans les décisions sans être paralysé par le consensus.',3);
INSERT INTO questions (id,sub_domain_id,text_en,text_fr,sort_order) VALUES ('00000000-0000-0000-0004-000000000020','00000000-0000-0000-0003-000000000005','I can explain the reasoning behind my decisions clearly to my team.','Je peux expliquer clairement le raisonnement derrière mes décisions à mon équipe.',4);
INSERT INTO questions (id,sub_domain_id,text_en,text_fr,sort_order) VALUES ('00000000-0000-0000-0004-000000000021','00000000-0000-0000-0003-000000000005','I learn from past decisions and adjust my approach accordingly.','J''apprends de mes décisions passées et j''ajuste mon approche en conséquence.',5);


INSERT INTO pillars (id,track_id,slug,name_en,name_fr,description_en,description_fr,sort_order) VALUES ('00000000-0000-0000-0002-000000000002','00000000-0000-0000-0001-000000000001','directional-leadership','Directional Leadership','Directional Leadership','The Principles — Results and clarity pillar','The Principles — Results and clarity pillar',2);
INSERT INTO sub_domains (id,pillar_id,slug,name_en,name_fr,sort_order) VALUES ('00000000-0000-0000-0003-000000000006','00000000-0000-0000-0002-000000000002','vision','Vision','Vision',1);
INSERT INTO questions (id,sub_domain_id,text_en,text_fr,sort_order) VALUES ('00000000-0000-0000-0004-000000000022','00000000-0000-0000-0003-000000000006','I have a clear, compelling vision for where I am leading my team or organisation.','J''ai une vision claire et inspirante de la direction dans laquelle je mène mon équipe ou organisation.',1);
INSERT INTO questions (id,sub_domain_id,text_en,text_fr,sort_order) VALUES ('00000000-0000-0000-0004-000000000023','00000000-0000-0000-0003-000000000006','I can articulate my vision in a way that excites and inspires others.','Je peux articuler ma vision d''une manière qui enthousiasme et inspire les autres.',2);
INSERT INTO questions (id,sub_domain_id,text_en,text_fr,sort_order) VALUES ('00000000-0000-0000-0004-000000000024','00000000-0000-0000-0003-000000000006','My daily actions are aligned with my long-term vision.','Mes actions quotidiennes sont alignées avec ma vision à long terme.',3);
INSERT INTO questions (id,sub_domain_id,text_en,text_fr,sort_order) VALUES ('00000000-0000-0000-0004-000000000025','00000000-0000-0000-0003-000000000006','I regularly revisit and refine my vision based on new insights.','Je revisite et affine régulièrement ma vision en fonction de nouvelles perspectives.',4);

INSERT INTO sub_domains (id,pillar_id,slug,name_en,name_fr,sort_order) VALUES ('00000000-0000-0000-0003-000000000007','00000000-0000-0000-0002-000000000002','strategic-planning-execution','Strategic Planning & Execution','Strategic Planning & Execution',2);
INSERT INTO questions (id,sub_domain_id,text_en,text_fr,sort_order) VALUES ('00000000-0000-0000-0004-000000000026','00000000-0000-0000-0003-000000000007','I have a documented plan with clear milestones for achieving my goals.','J''ai un plan documenté avec des jalons clairs pour atteindre mes objectifs.',1);
INSERT INTO questions (id,sub_domain_id,text_en,text_fr,sort_order) VALUES ('00000000-0000-0000-0004-000000000027','00000000-0000-0000-0003-000000000007','I can break down big goals into actionable steps with timelines.','Je peux décomposer de grands objectifs en étapes actionnables avec des échéances.',2);
INSERT INTO questions (id,sub_domain_id,text_en,text_fr,sort_order) VALUES ('00000000-0000-0000-0004-000000000028','00000000-0000-0000-0003-000000000007','I regularly review progress against my plan and make adjustments.','Je révise régulièrement les progrès par rapport à mon plan et fais des ajustements.',3);
INSERT INTO questions (id,sub_domain_id,text_en,text_fr,sort_order) VALUES ('00000000-0000-0000-0004-000000000029','00000000-0000-0000-0003-000000000007','I distinguish between urgent tasks and strategically important ones.','Je distingue entre les tâches urgentes et celles stratégiquement importantes.',4);

INSERT INTO sub_domains (id,pillar_id,slug,name_en,name_fr,sort_order) VALUES ('00000000-0000-0000-0003-000000000008','00000000-0000-0000-0002-000000000002','goal-setting-smart','Goal Setting (SMART)','Goal Setting (SMART)',3);
INSERT INTO questions (id,sub_domain_id,text_en,text_fr,sort_order) VALUES ('00000000-0000-0000-0004-000000000030','00000000-0000-0000-0003-000000000008','I set specific, measurable goals rather than vague intentions.','Je fixe des objectifs spécifiques et mesurables plutôt que des intentions vagues.',1);
INSERT INTO questions (id,sub_domain_id,text_en,text_fr,sort_order) VALUES ('00000000-0000-0000-0004-000000000031','00000000-0000-0000-0003-000000000008','My goals have clear deadlines and I track my progress regularly.','Mes objectifs ont des échéances claires et je suis mes progrès régulièrement.',2);
INSERT INTO questions (id,sub_domain_id,text_en,text_fr,sort_order) VALUES ('00000000-0000-0000-0004-000000000032','00000000-0000-0000-0003-000000000008','I set goals that stretch me but are still realistic and achievable.','Je fixe des objectifs ambitieux mais réalistes et atteignables.',3);
INSERT INTO questions (id,sub_domain_id,text_en,text_fr,sort_order) VALUES ('00000000-0000-0000-0004-000000000033','00000000-0000-0000-0003-000000000008','I write my goals down and review them at least weekly.','J''écris mes objectifs et les révise au moins une fois par semaine.',4);

INSERT INTO sub_domains (id,pillar_id,slug,name_en,name_fr,sort_order) VALUES ('00000000-0000-0000-0003-000000000009','00000000-0000-0000-0002-000000000002','accountability-ownership','Accountability & Ownership','Accountability & Ownership',4);
INSERT INTO questions (id,sub_domain_id,text_en,text_fr,sort_order) VALUES ('00000000-0000-0000-0004-000000000034','00000000-0000-0000-0003-000000000009','I have an accountability partner or mentor who challenges me regularly.','J''ai un partenaire de responsabilité ou un mentor qui me challenge régulièrement.',1);
INSERT INTO questions (id,sub_domain_id,text_en,text_fr,sort_order) VALUES ('00000000-0000-0000-0004-000000000035','00000000-0000-0000-0003-000000000009','I hold myself to the same standards I expect from others.','Je m''impose les mêmes standards que j''attends des autres.',2);
INSERT INTO questions (id,sub_domain_id,text_en,text_fr,sort_order) VALUES ('00000000-0000-0000-0004-000000000036','00000000-0000-0000-0003-000000000009','When a project fails, I look inward first before pointing outward.','Quand un projet échoue, je regarde d''abord en moi avant de pointer les autres.',3);
INSERT INTO questions (id,sub_domain_id,text_en,text_fr,sort_order) VALUES ('00000000-0000-0000-0004-000000000037','00000000-0000-0000-0003-000000000009','I create systems of accountability within my team, not just for myself.','Je crée des systèmes de responsabilité au sein de mon équipe, pas seulement pour moi.',4);


INSERT INTO pillars (id,track_id,slug,name_en,name_fr,description_en,description_fr,sort_order) VALUES ('00000000-0000-0000-0002-000000000003','00000000-0000-0000-0001-000000000001','relational-leadership','Relational Leadership','Relational Leadership','The Process — Culture pillar','The Process — Culture pillar',3);
INSERT INTO sub_domains (id,pillar_id,slug,name_en,name_fr,sort_order) VALUES ('00000000-0000-0000-0003-000000000010','00000000-0000-0000-0002-000000000003','communication','Communication','Communication',1);
INSERT INTO questions (id,sub_domain_id,text_en,text_fr,sort_order) VALUES ('00000000-0000-0000-0004-000000000038','00000000-0000-0000-0003-000000000010','I communicate clearly and concisely, avoiding ambiguity.','Je communique clairement et de manière concise, en évitant l''ambiguïté.',1);
INSERT INTO questions (id,sub_domain_id,text_en,text_fr,sort_order) VALUES ('00000000-0000-0000-0004-000000000039','00000000-0000-0000-0003-000000000010','I listen actively — I seek to understand before being understood.','J''écoute activement — je cherche à comprendre avant d''être compris.',2);
INSERT INTO questions (id,sub_domain_id,text_en,text_fr,sort_order) VALUES ('00000000-0000-0000-0004-000000000040','00000000-0000-0000-0003-000000000010','I tailor my communication style depending on my audience.','J''adapte mon style de communication en fonction de mon audience.',3);
INSERT INTO questions (id,sub_domain_id,text_en,text_fr,sort_order) VALUES ('00000000-0000-0000-0004-000000000041','00000000-0000-0000-0003-000000000010','I give direct, honest communication even when the message is uncomfortable.','Je communique de manière directe et honnête même quand le message est inconfortable.',4);
INSERT INTO questions (id,sub_domain_id,text_en,text_fr,sort_order) VALUES ('00000000-0000-0000-0004-000000000042','00000000-0000-0000-0003-000000000010','I create space for others to voice their opinions and concerns.','Je crée un espace pour que les autres expriment leurs opinions et préoccupations.',5);

INSERT INTO sub_domains (id,pillar_id,slug,name_en,name_fr,sort_order) VALUES ('00000000-0000-0000-0003-000000000011','00000000-0000-0000-0002-000000000003','team-building','Team Building','Team Building',2);
INSERT INTO questions (id,sub_domain_id,text_en,text_fr,sort_order) VALUES ('00000000-0000-0000-0004-000000000043','00000000-0000-0000-0003-000000000011','I intentionally invest in building trust within my team.','J''investis intentionnellement dans la construction de la confiance au sein de mon équipe.',1);
INSERT INTO questions (id,sub_domain_id,text_en,text_fr,sort_order) VALUES ('00000000-0000-0000-0004-000000000044','00000000-0000-0000-0003-000000000011','I understand the strengths of each team member and position them accordingly.','Je comprends les forces de chaque membre et les positionne en conséquence.',2);
INSERT INTO questions (id,sub_domain_id,text_en,text_fr,sort_order) VALUES ('00000000-0000-0000-0004-000000000045','00000000-0000-0000-0003-000000000011','I celebrate team wins and give credit where it''s due.','Je célèbre les victoires d''équipe et donne le crédit là où il est dû.',3);
INSERT INTO questions (id,sub_domain_id,text_en,text_fr,sort_order) VALUES ('00000000-0000-0000-0004-000000000046','00000000-0000-0000-0003-000000000011','I actively work to create a culture where people feel safe to contribute.','Je travaille activement à créer une culture où les gens se sentent en sécurité pour contribuer.',4);

INSERT INTO sub_domains (id,pillar_id,slug,name_en,name_fr,sort_order) VALUES ('00000000-0000-0000-0003-000000000012','00000000-0000-0000-0002-000000000003','conflict-resolution','Conflict Resolution','Conflict Resolution',3);
INSERT INTO questions (id,sub_domain_id,text_en,text_fr,sort_order) VALUES ('00000000-0000-0000-0004-000000000047','00000000-0000-0000-0003-000000000012','I address conflict directly rather than avoiding it or hoping it resolves itself.','J''aborde les conflits directement plutôt que de les éviter ou espérer qu''ils se résolvent seuls.',1);
INSERT INTO questions (id,sub_domain_id,text_en,text_fr,sort_order) VALUES ('00000000-0000-0000-0004-000000000048','00000000-0000-0000-0003-000000000012','I can mediate disagreements between team members fairly.','Je peux arbitrer les désaccords entre membres de l''équipe de manière équitable.',2);
INSERT INTO questions (id,sub_domain_id,text_en,text_fr,sort_order) VALUES ('00000000-0000-0000-0004-000000000049','00000000-0000-0000-0003-000000000012','I separate the person from the problem when navigating conflict.','Je sépare la personne du problème lors de la gestion des conflits.',3);
INSERT INTO questions (id,sub_domain_id,text_en,text_fr,sort_order) VALUES ('00000000-0000-0000-0004-000000000050','00000000-0000-0000-0003-000000000012','I seek win-win outcomes rather than just winning the argument.','Je cherche des résultats gagnant-gagnant plutôt que de simplement gagner l''argument.',4);

INSERT INTO sub_domains (id,pillar_id,slug,name_en,name_fr,sort_order) VALUES ('00000000-0000-0000-0003-000000000013','00000000-0000-0000-0002-000000000003','servant-leadership','Servant Leadership','Servant Leadership',4);
INSERT INTO questions (id,sub_domain_id,text_en,text_fr,sort_order) VALUES ('00000000-0000-0000-0004-000000000051','00000000-0000-0000-0003-000000000013','I regularly ask my team ''How can I help you succeed?''','Je demande régulièrement à mon équipe ''Comment puis-je vous aider à réussir ?''',1);
INSERT INTO questions (id,sub_domain_id,text_en,text_fr,sort_order) VALUES ('00000000-0000-0000-0004-000000000052','00000000-0000-0000-0003-000000000013','I prioritise the growth and wellbeing of my team over my own advancement.','Je priorise la croissance et le bien-être de mon équipe sur mon propre avancement.',2);
INSERT INTO questions (id,sub_domain_id,text_en,text_fr,sort_order) VALUES ('00000000-0000-0000-0004-000000000053','00000000-0000-0000-0003-000000000013','I lead by example — I don''t ask others to do what I wouldn''t do myself.','Je dirige par l''exemple — je ne demande pas aux autres ce que je ne ferais pas moi-même.',3);
INSERT INTO questions (id,sub_domain_id,text_en,text_fr,sort_order) VALUES ('00000000-0000-0000-0004-000000000054','00000000-0000-0000-0003-000000000013','I use my position to serve others, not to gain power or status.','J''utilise ma position pour servir les autres, pas pour gagner du pouvoir ou du statut.',4);


INSERT INTO pillars (id,track_id,slug,name_en,name_fr,description_en,description_fr,sort_order) VALUES ('00000000-0000-0000-0002-000000000004','00000000-0000-0000-0001-000000000001','performance-leadership','Performance Leadership','Performance Leadership','Execution discipline pillar','Execution discipline pillar',4);
INSERT INTO sub_domains (id,pillar_id,slug,name_en,name_fr,sort_order) VALUES ('00000000-0000-0000-0003-000000000014','00000000-0000-0000-0002-000000000004','delegation','Delegation','Delegation',1);
INSERT INTO questions (id,sub_domain_id,text_en,text_fr,sort_order) VALUES ('00000000-0000-0000-0004-000000000055','00000000-0000-0000-0003-000000000014','I delegate tasks based on people''s strengths, not just availability.','Je délègue les tâches en fonction des forces des personnes, pas seulement de leur disponibilité.',1);
INSERT INTO questions (id,sub_domain_id,text_en,text_fr,sort_order) VALUES ('00000000-0000-0000-0004-000000000056','00000000-0000-0000-0003-000000000014','I give clear instructions and expected outcomes when I delegate.','Je donne des instructions claires et les résultats attendus quand je délègue.',2);
INSERT INTO questions (id,sub_domain_id,text_en,text_fr,sort_order) VALUES ('00000000-0000-0000-0004-000000000057','00000000-0000-0000-0003-000000000014','I trust my team to execute without micromanaging the process.','Je fais confiance à mon équipe pour exécuter sans micro-gérer le processus.',3);
INSERT INTO questions (id,sub_domain_id,text_en,text_fr,sort_order) VALUES ('00000000-0000-0000-0004-000000000058','00000000-0000-0000-0003-000000000014','I follow up on delegated tasks without hovering over people.','Je fais le suivi des tâches déléguées sans surveiller constamment les gens.',4);

INSERT INTO sub_domains (id,pillar_id,slug,name_en,name_fr,sort_order) VALUES ('00000000-0000-0000-0003-000000000015','00000000-0000-0000-0002-000000000004','feedback-performance-management','Feedback & Performance Management','Feedback & Performance Management',2);
INSERT INTO questions (id,sub_domain_id,text_en,text_fr,sort_order) VALUES ('00000000-0000-0000-0004-000000000059','00000000-0000-0000-0003-000000000015','I give constructive feedback regularly, not just during annual reviews.','Je donne du feedback constructif régulièrement, pas seulement lors des évaluations annuelles.',1);
INSERT INTO questions (id,sub_domain_id,text_en,text_fr,sort_order) VALUES ('00000000-0000-0000-0004-000000000060','00000000-0000-0000-0003-000000000015','I balance positive recognition with honest developmental feedback.','J''équilibre la reconnaissance positive avec un feedback développemental honnête.',2);
INSERT INTO questions (id,sub_domain_id,text_en,text_fr,sort_order) VALUES ('00000000-0000-0000-0004-000000000061','00000000-0000-0000-0003-000000000015','I create a culture where feedback flows in both directions.','Je crée une culture où le feedback circule dans les deux sens.',3);
INSERT INTO questions (id,sub_domain_id,text_en,text_fr,sort_order) VALUES ('00000000-0000-0000-0004-000000000062','00000000-0000-0000-0003-000000000015','I use specific examples when giving feedback, not generalisations.','J''utilise des exemples spécifiques pour donner du feedback, pas des généralisations.',4);

INSERT INTO sub_domains (id,pillar_id,slug,name_en,name_fr,sort_order) VALUES ('00000000-0000-0000-0003-000000000016','00000000-0000-0000-0002-000000000004','managing-underperformance','Managing Underperformance','Managing Underperformance',3);
INSERT INTO questions (id,sub_domain_id,text_en,text_fr,sort_order) VALUES ('00000000-0000-0000-0004-000000000063','00000000-0000-0000-0003-000000000016','I address underperformance early rather than letting it build up.','J''aborde la sous-performance tôt plutôt que de la laisser s''accumuler.',1);
INSERT INTO questions (id,sub_domain_id,text_en,text_fr,sort_order) VALUES ('00000000-0000-0000-0004-000000000064','00000000-0000-0000-0003-000000000016','I distinguish between a skill gap and a motivation gap when someone underperforms.','Je distingue entre un manque de compétence et un manque de motivation quand quelqu''un sous-performe.',2);
INSERT INTO questions (id,sub_domain_id,text_en,text_fr,sort_order) VALUES ('00000000-0000-0000-0004-000000000065','00000000-0000-0000-0003-000000000016','I document performance issues and create improvement plans.','Je documente les problèmes de performance et crée des plans d''amélioration.',3);
INSERT INTO questions (id,sub_domain_id,text_en,text_fr,sort_order) VALUES ('00000000-0000-0000-0004-000000000066','00000000-0000-0000-0003-000000000016','I am willing to make tough personnel decisions when necessary.','Je suis prêt à prendre des décisions difficiles en matière de personnel quand nécessaire.',4);

INSERT INTO sub_domains (id,pillar_id,slug,name_en,name_fr,sort_order) VALUES ('00000000-0000-0000-0003-000000000017','00000000-0000-0000-0002-000000000004','difficult-conversations','Difficult Conversations','Difficult Conversations',4);
INSERT INTO questions (id,sub_domain_id,text_en,text_fr,sort_order) VALUES ('00000000-0000-0000-0004-000000000067','00000000-0000-0000-0003-000000000017','I can have hard conversations without becoming emotional or aggressive.','Je peux avoir des conversations difficiles sans devenir émotionnel ou agressif.',1);
INSERT INTO questions (id,sub_domain_id,text_en,text_fr,sort_order) VALUES ('00000000-0000-0000-0004-000000000068','00000000-0000-0000-0003-000000000017','I prepare for difficult conversations rather than winging them.','Je me prépare pour les conversations difficiles plutôt que d''improviser.',2);
INSERT INTO questions (id,sub_domain_id,text_en,text_fr,sort_order) VALUES ('00000000-0000-0000-0004-000000000069','00000000-0000-0000-0003-000000000017','I am direct but respectful when delivering unwelcome news.','Je suis direct mais respectueux en annonçant des nouvelles difficiles.',3);
INSERT INTO questions (id,sub_domain_id,text_en,text_fr,sort_order) VALUES ('00000000-0000-0000-0004-000000000070','00000000-0000-0000-0003-000000000017','I follow up after difficult conversations to check on the person and the outcome.','Je fais un suivi après les conversations difficiles pour vérifier l''état de la personne et le résultat.',4);


INSERT INTO pillars (id,track_id,slug,name_en,name_fr,description_en,description_fr,sort_order) VALUES ('00000000-0000-0000-0002-000000000005','00000000-0000-0000-0001-000000000001','multiplication-impact','Multiplication & Impact','Multiplication & Impact','Expansion pillar','Expansion pillar',5);
INSERT INTO sub_domains (id,pillar_id,slug,name_en,name_fr,sort_order) VALUES ('00000000-0000-0000-0003-000000000018','00000000-0000-0000-0002-000000000005','coaching','Coaching','Coaching',1);
INSERT INTO questions (id,sub_domain_id,text_en,text_fr,sort_order) VALUES ('00000000-0000-0000-0004-000000000071','00000000-0000-0000-0003-000000000018','I regularly coach others by asking powerful questions rather than just giving answers.','Je coache régulièrement les autres en posant des questions puissantes plutôt qu''en donnant des réponses.',1);
INSERT INTO questions (id,sub_domain_id,text_en,text_fr,sort_order) VALUES ('00000000-0000-0000-0004-000000000072','00000000-0000-0000-0003-000000000018','I help people discover their own solutions instead of creating dependency on me.','J''aide les gens à découvrir leurs propres solutions plutôt que de créer une dépendance envers moi.',2);
INSERT INTO questions (id,sub_domain_id,text_en,text_fr,sort_order) VALUES ('00000000-0000-0000-0004-000000000073','00000000-0000-0000-0003-000000000018','I invest time in one-on-one development conversations with emerging leaders.','J''investis du temps dans des conversations de développement individuelles avec les leaders émergents.',3);
INSERT INTO questions (id,sub_domain_id,text_en,text_fr,sort_order) VALUES ('00000000-0000-0000-0004-000000000074','00000000-0000-0000-0003-000000000018','I can identify someone''s potential even before they see it themselves.','Je peux identifier le potentiel de quelqu''un avant même qu''il ne le voie lui-même.',4);

INSERT INTO sub_domains (id,pillar_id,slug,name_en,name_fr,sort_order) VALUES ('00000000-0000-0000-0003-000000000019','00000000-0000-0000-0002-000000000005','mentoring','Mentoring','Mentoring',2);
INSERT INTO questions (id,sub_domain_id,text_en,text_fr,sort_order) VALUES ('00000000-0000-0000-0004-000000000075','00000000-0000-0000-0003-000000000019','I have mentees who I am intentionally pouring into.','J''ai des mentorés dans lesquels j''investis intentionnellement.',1);
INSERT INTO questions (id,sub_domain_id,text_en,text_fr,sort_order) VALUES ('00000000-0000-0000-0004-000000000076','00000000-0000-0000-0003-000000000019','I share my failures and lessons learned, not just my successes.','Je partage mes échecs et leçons apprises, pas seulement mes succès.',2);
INSERT INTO questions (id,sub_domain_id,text_en,text_fr,sort_order) VALUES ('00000000-0000-0000-0004-000000000077','00000000-0000-0000-0003-000000000019','I connect my mentees with other resources and people who can help them grow.','Je connecte mes mentorés avec d''autres ressources et personnes qui peuvent les aider à grandir.',3);
INSERT INTO questions (id,sub_domain_id,text_en,text_fr,sort_order) VALUES ('00000000-0000-0000-0004-000000000078','00000000-0000-0000-0003-000000000019','I adjust my mentoring approach based on each person''s unique needs and stage.','J''adapte mon approche de mentorat en fonction des besoins uniques de chaque personne.',4);

INSERT INTO sub_domains (id,pillar_id,slug,name_en,name_fr,sort_order) VALUES ('00000000-0000-0000-0003-000000000020','00000000-0000-0000-0002-000000000005','developing-leaders','Developing Leaders','Developing Leaders',3);
INSERT INTO questions (id,sub_domain_id,text_en,text_fr,sort_order) VALUES ('00000000-0000-0000-0004-000000000079','00000000-0000-0000-0003-000000000020','I actively identify and develop future leaders within my team or organisation.','J''identifie et développe activement les futurs leaders au sein de mon équipe ou organisation.',1);
INSERT INTO questions (id,sub_domain_id,text_en,text_fr,sort_order) VALUES ('00000000-0000-0000-0004-000000000080','00000000-0000-0000-0003-000000000020','I give emerging leaders real responsibility and authority, not just tasks.','Je donne aux leaders émergents de vraies responsabilités et autorité, pas seulement des tâches.',2);
INSERT INTO questions (id,sub_domain_id,text_en,text_fr,sort_order) VALUES ('00000000-0000-0000-0004-000000000081','00000000-0000-0000-0003-000000000020','I have a leadership pipeline — people at different stages of development.','J''ai un pipeline de leadership — des personnes à différents stades de développement.',3);
INSERT INTO questions (id,sub_domain_id,text_en,text_fr,sort_order) VALUES ('00000000-0000-0000-0004-000000000082','00000000-0000-0000-0003-000000000020','I measure my success by the leaders I produce, not just the results I deliver.','Je mesure mon succès par les leaders que je produis, pas seulement les résultats que je livre.',4);

INSERT INTO sub_domains (id,pillar_id,slug,name_en,name_fr,sort_order) VALUES ('00000000-0000-0000-0003-000000000021','00000000-0000-0000-0002-000000000005','legacy','Legacy','Legacy',4);
INSERT INTO questions (id,sub_domain_id,text_en,text_fr,sort_order) VALUES ('00000000-0000-0000-0004-000000000083','00000000-0000-0000-0003-000000000021','I regularly think about the long-term impact of my leadership beyond my tenure.','Je pense régulièrement à l''impact à long terme de mon leadership au-delà de mon mandat.',1);
INSERT INTO questions (id,sub_domain_id,text_en,text_fr,sort_order) VALUES ('00000000-0000-0000-0004-000000000084','00000000-0000-0000-0003-000000000021','I am building something that will outlast me, not just something that depends on me.','Je construis quelque chose qui me survivra, pas quelque chose qui dépend de moi.',2);
INSERT INTO questions (id,sub_domain_id,text_en,text_fr,sort_order) VALUES ('00000000-0000-0000-0004-000000000085','00000000-0000-0000-0003-000000000021','I document my leadership principles and frameworks for others to learn from.','Je documente mes principes et cadres de leadership pour que d''autres puissent en apprendre.',3);
INSERT INTO questions (id,sub_domain_id,text_en,text_fr,sort_order) VALUES ('00000000-0000-0000-0004-000000000086','00000000-0000-0000-0003-000000000021','I invest in institutions and systems, not just individual relationships.','J''investis dans les institutions et systèmes, pas seulement dans les relations individuelles.',4);


-- ═══ TRACK 2: MINISTRY COACHING ═══
INSERT INTO tracks (id,slug,name_en,name_fr,description_en,description_fr,icon,color,sort_order) VALUES ('00000000-0000-0000-0001-000000000002','ministry','Ministry Coaching','Coaching Ministériel','Navigate 5 Pillars of ministry effectiveness — calling clarity, spiritual formation, preaching & teaching, pastoral care, and long-term sustainability — across 21 diagnostic dimensions.','Naviguez à travers 5 Piliers d''efficacité ministérielle — clarté d''appel, formation spirituelle, prédication, soin pastoral et durabilité — sur 21 dimensions diagnostiques.','bookmark','#2563EB',2);

INSERT INTO pillars (id,track_id,slug,name_en,name_fr,description_en,description_fr,sort_order) VALUES ('00000000-0000-0000-0002-000000000006','00000000-0000-0000-0001-000000000002','personal-foundation','Personal Foundation','Personal Foundation','Inner life determines outer fruit','Inner life determines outer fruit',1);
INSERT INTO sub_domains (id,pillar_id,slug,name_en,name_fr,sort_order) VALUES ('00000000-0000-0000-0003-000000000022','00000000-0000-0000-0002-000000000006','calling-clarity','Calling Clarity','Calling Clarity',1);
INSERT INTO questions (id,sub_domain_id,text_en,text_fr,sort_order) VALUES ('00000000-0000-0000-0004-000000000087','00000000-0000-0000-0003-000000000022','I can clearly articulate why God has called me to ministry.','Je peux clairement articuler pourquoi Dieu m''a appelé au ministère.',1);
INSERT INTO questions (id,sub_domain_id,text_en,text_fr,sort_order) VALUES ('00000000-0000-0000-0004-000000000088','00000000-0000-0000-0003-000000000022','I have peace and confidence about my specific ministry assignment.','J''ai la paix et la confiance concernant mon affectation ministérielle spécifique.',2);
INSERT INTO questions (id,sub_domain_id,text_en,text_fr,sort_order) VALUES ('00000000-0000-0000-0004-000000000089','00000000-0000-0000-0003-000000000022','I know the difference between my calling and my current role or title.','Je connais la différence entre mon appel et mon rôle ou titre actuel.',3);
INSERT INTO questions (id,sub_domain_id,text_en,text_fr,sort_order) VALUES ('00000000-0000-0000-0004-000000000090','00000000-0000-0000-0003-000000000022','I can discern when a season of ministry is ending and a new one is beginning.','Je peux discerner quand une saison de ministère se termine et qu''une nouvelle commence.',4);

INSERT INTO sub_domains (id,pillar_id,slug,name_en,name_fr,sort_order) VALUES ('00000000-0000-0000-0003-000000000023','00000000-0000-0000-0002-000000000006','spiritual-disciplines','Spiritual Disciplines','Spiritual Disciplines',2);
INSERT INTO questions (id,sub_domain_id,text_en,text_fr,sort_order) VALUES ('00000000-0000-0000-0004-000000000091','00000000-0000-0000-0003-000000000023','I maintain a consistent personal prayer life independent of public ministry.','Je maintiens une vie de prière personnelle cohérente indépendante du ministère public.',1);
INSERT INTO questions (id,sub_domain_id,text_en,text_fr,sort_order) VALUES ('00000000-0000-0000-0004-000000000092','00000000-0000-0000-0003-000000000023','I regularly fast and practice spiritual disciplines beyond Sunday services.','Je jeûne régulièrement et pratique des disciplines spirituelles au-delà des cultes du dimanche.',2);
INSERT INTO questions (id,sub_domain_id,text_en,text_fr,sort_order) VALUES ('00000000-0000-0000-0004-000000000093','00000000-0000-0000-0003-000000000023','I study Scripture for my own growth, not just for sermon preparation.','J''étudie les Écritures pour ma propre croissance, pas seulement pour préparer des sermons.',3);
INSERT INTO questions (id,sub_domain_id,text_en,text_fr,sort_order) VALUES ('00000000-0000-0000-0004-000000000094','00000000-0000-0000-0003-000000000023','I practice solitude and silence as part of my spiritual rhythm.','Je pratique la solitude et le silence comme partie de mon rythme spirituel.',4);

INSERT INTO sub_domains (id,pillar_id,slug,name_en,name_fr,sort_order) VALUES ('00000000-0000-0000-0003-000000000024','00000000-0000-0000-0002-000000000006','character-integrity','Character & Integrity','Character & Integrity',3);
INSERT INTO questions (id,sub_domain_id,text_en,text_fr,sort_order) VALUES ('00000000-0000-0000-0004-000000000095','00000000-0000-0000-0003-000000000024','My private life reflects the same values I preach publicly.','Ma vie privée reflète les mêmes valeurs que je prêche publiquement.',1);
INSERT INTO questions (id,sub_domain_id,text_en,text_fr,sort_order) VALUES ('00000000-0000-0000-0004-000000000096','00000000-0000-0000-0003-000000000024','I am transparent with at least one trusted person about my struggles.','Je suis transparent avec au moins une personne de confiance au sujet de mes luttes.',2);
INSERT INTO questions (id,sub_domain_id,text_en,text_fr,sort_order) VALUES ('00000000-0000-0000-0004-000000000097','00000000-0000-0000-0003-000000000024','I handle money, power, and relationships with integrity and accountability.','Je gère l''argent, le pouvoir et les relations avec intégrité et responsabilité.',3);
INSERT INTO questions (id,sub_domain_id,text_en,text_fr,sort_order) VALUES ('00000000-0000-0000-0004-000000000098','00000000-0000-0000-0003-000000000024','I would be comfortable if my congregation saw every area of my life.','Je serais à l''aise si ma congrégation voyait chaque domaine de ma vie.',4);

INSERT INTO sub_domains (id,pillar_id,slug,name_en,name_fr,sort_order) VALUES ('00000000-0000-0000-0003-000000000025','00000000-0000-0000-0002-000000000006','emotional-mental-health','Emotional & Mental Health','Emotional & Mental Health',4);
INSERT INTO questions (id,sub_domain_id,text_en,text_fr,sort_order) VALUES ('00000000-0000-0000-0004-000000000099','00000000-0000-0000-0003-000000000025','I recognise the signs of burnout in myself and take proactive steps.','Je reconnais les signes d''épuisement en moi et prends des mesures proactives.',1);
INSERT INTO questions (id,sub_domain_id,text_en,text_fr,sort_order) VALUES ('00000000-0000-0000-0004-000000000100','00000000-0000-0000-0003-000000000025','I have healthy boundaries between ministry demands and personal rest.','J''ai des limites saines entre les exigences du ministère et le repos personnel.',2);
INSERT INTO questions (id,sub_domain_id,text_en,text_fr,sort_order) VALUES ('00000000-0000-0000-0004-000000000101','00000000-0000-0000-0003-000000000025','I process grief, disappointment, and failure in healthy ways.','Je traite le deuil, la déception et l''échec de manière saine.',3);
INSERT INTO questions (id,sub_domain_id,text_en,text_fr,sort_order) VALUES ('00000000-0000-0000-0004-000000000102','00000000-0000-0000-0003-000000000025','I have a support system outside of my ministry context.','J''ai un système de soutien en dehors de mon contexte ministériel.',4);
INSERT INTO questions (id,sub_domain_id,text_en,text_fr,sort_order) VALUES ('00000000-0000-0000-0004-000000000103','00000000-0000-0000-0003-000000000025','I would seek professional help if my emotional health required it.','Je chercherais une aide professionnelle si ma santé émotionnelle l''exigeait.',5);


INSERT INTO pillars (id,track_id,slug,name_en,name_fr,description_en,description_fr,sort_order) VALUES ('00000000-0000-0000-0002-000000000007','00000000-0000-0000-0001-000000000002','theological-doctrinal-depth','Theological & Doctrinal Depth','Theological & Doctrinal Depth','Sound doctrine shapes sound ministry','Sound doctrine shapes sound ministry',2);
INSERT INTO sub_domains (id,pillar_id,slug,name_en,name_fr,sort_order) VALUES ('00000000-0000-0000-0003-000000000026','00000000-0000-0000-0002-000000000007','biblical-literacy','Biblical Literacy','Biblical Literacy',1);
INSERT INTO questions (id,sub_domain_id,text_en,text_fr,sort_order) VALUES ('00000000-0000-0000-0004-000000000104','00000000-0000-0000-0003-000000000026','I have a systematic approach to studying the entire Bible, not just favourite passages.','J''ai une approche systématique pour étudier toute la Bible, pas seulement mes passages préférés.',1);
INSERT INTO questions (id,sub_domain_id,text_en,text_fr,sort_order) VALUES ('00000000-0000-0000-0004-000000000105','00000000-0000-0000-0003-000000000026','I can explain the major themes and narrative arc of Scripture confidently.','Je peux expliquer les thèmes majeurs et l''arc narratif des Écritures avec confiance.',2);
INSERT INTO questions (id,sub_domain_id,text_en,text_fr,sort_order) VALUES ('00000000-0000-0000-0004-000000000106','00000000-0000-0000-0003-000000000026','I use sound hermeneutical principles when interpreting Scripture.','J''utilise des principes herméneutiques solides pour interpréter les Écritures.',3);
INSERT INTO questions (id,sub_domain_id,text_en,text_fr,sort_order) VALUES ('00000000-0000-0000-0004-000000000107','00000000-0000-0000-0003-000000000026','I regularly study original languages or use tools that help me understand them.','J''étudie régulièrement les langues originales ou utilise des outils pour les comprendre.',4);

INSERT INTO sub_domains (id,pillar_id,slug,name_en,name_fr,sort_order) VALUES ('00000000-0000-0000-0003-000000000027','00000000-0000-0000-0002-000000000007','doctrinal-conviction','Doctrinal Conviction','Doctrinal Conviction',2);
INSERT INTO questions (id,sub_domain_id,text_en,text_fr,sort_order) VALUES ('00000000-0000-0000-0004-000000000108','00000000-0000-0000-0003-000000000027','I can clearly articulate my core theological beliefs and why I hold them.','Je peux clairement articuler mes croyances théologiques fondamentales et pourquoi je les tiens.',1);
INSERT INTO questions (id,sub_domain_id,text_en,text_fr,sort_order) VALUES ('00000000-0000-0000-0004-000000000109','00000000-0000-0000-0003-000000000027','I distinguish between essential doctrines and secondary matters of opinion.','Je distingue entre les doctrines essentielles et les questions secondaires d''opinion.',2);
INSERT INTO questions (id,sub_domain_id,text_en,text_fr,sort_order) VALUES ('00000000-0000-0000-0004-000000000110','00000000-0000-0000-0003-000000000027','I have studied church history enough to understand how my beliefs developed.','J''ai suffisamment étudié l''histoire de l''Église pour comprendre comment mes croyances se sont développées.',3);
INSERT INTO questions (id,sub_domain_id,text_en,text_fr,sort_order) VALUES ('00000000-0000-0000-0004-000000000111','00000000-0000-0000-0003-000000000027','I can respectfully engage with theological positions different from my own.','Je peux respectueusement dialoguer avec des positions théologiques différentes des miennes.',4);

INSERT INTO sub_domains (id,pillar_id,slug,name_en,name_fr,sort_order) VALUES ('00000000-0000-0000-0003-000000000028','00000000-0000-0000-0002-000000000007','contextual-theology','Contextual Theology','Contextual Theology',3);
INSERT INTO questions (id,sub_domain_id,text_en,text_fr,sort_order) VALUES ('00000000-0000-0000-0004-000000000112','00000000-0000-0000-0003-000000000028','I apply biblical truth to the specific cultural context of my congregation.','J''applique la vérité biblique au contexte culturel spécifique de ma congrégation.',1);
INSERT INTO questions (id,sub_domain_id,text_en,text_fr,sort_order) VALUES ('00000000-0000-0000-0004-000000000113','00000000-0000-0000-0003-000000000028','I address real-life issues (poverty, corruption, family dynamics) through Scripture.','J''aborde les problèmes réels (pauvreté, corruption, dynamiques familiales) à travers les Écritures.',2);
INSERT INTO questions (id,sub_domain_id,text_en,text_fr,sort_order) VALUES ('00000000-0000-0000-0004-000000000114','00000000-0000-0000-0003-000000000028','I am developing a theology that speaks to the African/local experience.','Je développe une théologie qui parle à l''expérience africaine et locale.',3);
INSERT INTO questions (id,sub_domain_id,text_en,text_fr,sort_order) VALUES ('00000000-0000-0000-0004-000000000115','00000000-0000-0000-0003-000000000028','I avoid simply importing foreign theological frameworks without contextualisation.','J''évite d''importer simplement des cadres théologiques étrangers sans contextualisation.',4);

INSERT INTO sub_domains (id,pillar_id,slug,name_en,name_fr,sort_order) VALUES ('00000000-0000-0000-0003-000000000029','00000000-0000-0000-0002-000000000007','apologetics-critical-thinking','Apologetics & Critical Thinking','Apologetics & Critical Thinking',4);
INSERT INTO questions (id,sub_domain_id,text_en,text_fr,sort_order) VALUES ('00000000-0000-0000-0004-000000000116','00000000-0000-0000-0003-000000000029','I can defend the Christian faith against common objections and questions.','Je peux défendre la foi chrétienne contre les objections et questions courantes.',1);
INSERT INTO questions (id,sub_domain_id,text_en,text_fr,sort_order) VALUES ('00000000-0000-0000-0004-000000000117','00000000-0000-0000-0003-000000000029','I engage with contemporary culture and intellectual challenges thoughtfully.','Je m''engage avec la culture contemporaine et les défis intellectuels de manière réfléchie.',2);
INSERT INTO questions (id,sub_domain_id,text_en,text_fr,sort_order) VALUES ('00000000-0000-0000-0004-000000000118','00000000-0000-0000-0003-000000000029','I teach my congregation to think critically rather than just accept blindly.','J''enseigne à ma congrégation à penser de manière critique plutôt que d''accepter aveuglément.',3);
INSERT INTO questions (id,sub_domain_id,text_en,text_fr,sort_order) VALUES ('00000000-0000-0000-0004-000000000119','00000000-0000-0000-0003-000000000029','I am comfortable saying ''I don''t know'' and committing to research an answer.','Je suis à l''aise pour dire ''je ne sais pas'' et m''engager à rechercher une réponse.',4);


INSERT INTO pillars (id,track_id,slug,name_en,name_fr,description_en,description_fr,sort_order) VALUES ('00000000-0000-0000-0002-000000000008','00000000-0000-0000-0001-000000000002','ministry-skills','Ministry Skills','Ministry Skills','The craft of ministry execution','The craft of ministry execution',3);
INSERT INTO sub_domains (id,pillar_id,slug,name_en,name_fr,sort_order) VALUES ('00000000-0000-0000-0003-000000000030','00000000-0000-0000-0002-000000000008','preaching-teaching','Preaching & Teaching','Preaching & Teaching',1);
INSERT INTO questions (id,sub_domain_id,text_en,text_fr,sort_order) VALUES ('00000000-0000-0000-0004-000000000120','00000000-0000-0000-0003-000000000030','I prepare my sermons thoroughly with clear structure and application.','Je prépare mes sermons de manière approfondie avec une structure et une application claires.',1);
INSERT INTO questions (id,sub_domain_id,text_en,text_fr,sort_order) VALUES ('00000000-0000-0000-0004-000000000121','00000000-0000-0000-0003-000000000030','I vary my preaching style and methods to engage different audiences.','Je varie mon style de prédication et mes méthodes pour engager différentes audiences.',2);
INSERT INTO questions (id,sub_domain_id,text_en,text_fr,sort_order) VALUES ('00000000-0000-0000-0004-000000000122','00000000-0000-0000-0003-000000000030','I receive and act on feedback about my preaching effectiveness.','Je reçois et agis sur les retours concernant l''efficacité de ma prédication.',3);
INSERT INTO questions (id,sub_domain_id,text_en,text_fr,sort_order) VALUES ('00000000-0000-0000-0004-000000000123','00000000-0000-0000-0003-000000000030','My sermons consistently move people toward transformation, not just information.','Mes sermons poussent constamment les gens vers la transformation, pas seulement l''information.',4);
INSERT INTO questions (id,sub_domain_id,text_en,text_fr,sort_order) VALUES ('00000000-0000-0000-0004-000000000124','00000000-0000-0000-0003-000000000030','I invest in improving my communication skills through study and practice.','J''investis dans l''amélioration de mes compétences de communication par l''étude et la pratique.',5);

INSERT INTO sub_domains (id,pillar_id,slug,name_en,name_fr,sort_order) VALUES ('00000000-0000-0000-0003-000000000031','00000000-0000-0000-0002-000000000008','discipleship-mentoring','Discipleship & Mentoring','Discipleship & Mentoring',2);
INSERT INTO questions (id,sub_domain_id,text_en,text_fr,sort_order) VALUES ('00000000-0000-0000-0004-000000000125','00000000-0000-0000-0003-000000000031','I have a clear discipleship pathway for new believers in my ministry.','J''ai un parcours de discipulat clair pour les nouveaux croyants dans mon ministère.',1);
INSERT INTO questions (id,sub_domain_id,text_en,text_fr,sort_order) VALUES ('00000000-0000-0000-0004-000000000126','00000000-0000-0000-0003-000000000031','I personally disciple a small group of people, not just preach to crowds.','Je disciple personnellement un petit groupe de personnes, pas seulement prêcher aux foules.',2);
INSERT INTO questions (id,sub_domain_id,text_en,text_fr,sort_order) VALUES ('00000000-0000-0000-0004-000000000127','00000000-0000-0000-0003-000000000031','I equip others to disciple others — I''m not the only discipler.','J''équipe d''autres pour discipler d''autres — je ne suis pas le seul discipuleur.',3);
INSERT INTO questions (id,sub_domain_id,text_en,text_fr,sort_order) VALUES ('00000000-0000-0000-0004-000000000128','00000000-0000-0000-0003-000000000031','I measure success by spiritual maturity, not just attendance numbers.','Je mesure le succès par la maturité spirituelle, pas seulement les chiffres de fréquentation.',4);

INSERT INTO sub_domains (id,pillar_id,slug,name_en,name_fr,sort_order) VALUES ('00000000-0000-0000-0003-000000000032','00000000-0000-0000-0002-000000000008','pastoral-care-counselling','Pastoral Care & Counselling','Pastoral Care & Counselling',3);
INSERT INTO questions (id,sub_domain_id,text_en,text_fr,sort_order) VALUES ('00000000-0000-0000-0004-000000000129','00000000-0000-0000-0003-000000000032','I make time for one-on-one pastoral conversations with my members.','Je prends le temps pour des conversations pastorales individuelles avec mes membres.',1);
INSERT INTO questions (id,sub_domain_id,text_en,text_fr,sort_order) VALUES ('00000000-0000-0000-0004-000000000130','00000000-0000-0000-0003-000000000032','I know when a situation requires professional counselling beyond my capacity.','Je sais quand une situation nécessite un accompagnement professionnel au-delà de mes capacités.',2);
INSERT INTO questions (id,sub_domain_id,text_en,text_fr,sort_order) VALUES ('00000000-0000-0000-0004-000000000131','00000000-0000-0000-0003-000000000032','I maintain confidentiality and trust in pastoral relationships.','Je maintiens la confidentialité et la confiance dans les relations pastorales.',3);
INSERT INTO questions (id,sub_domain_id,text_en,text_fr,sort_order) VALUES ('00000000-0000-0000-0004-000000000132','00000000-0000-0000-0003-000000000032','I care for people in crisis (grief, illness, family breakdown) with presence and wisdom.','Je prends soin des personnes en crise avec présence et sagesse.',4);

INSERT INTO sub_domains (id,pillar_id,slug,name_en,name_fr,sort_order) VALUES ('00000000-0000-0000-0003-000000000033','00000000-0000-0000-0002-000000000008','worship-creative-arts','Worship & Creative Arts','Worship & Creative Arts',4);
INSERT INTO questions (id,sub_domain_id,text_en,text_fr,sort_order) VALUES ('00000000-0000-0000-0004-000000000133','00000000-0000-0000-0003-000000000033','I value and invest in the worship and creative arts ministry.','Je valorise et investis dans le ministère d''adoration et des arts créatifs.',1);
INSERT INTO questions (id,sub_domain_id,text_en,text_fr,sort_order) VALUES ('00000000-0000-0000-0004-000000000134','00000000-0000-0000-0003-000000000033','I work collaboratively with worship leaders to create meaningful services.','Je collabore avec les responsables d''adoration pour créer des cultes significatifs.',2);
INSERT INTO questions (id,sub_domain_id,text_en,text_fr,sort_order) VALUES ('00000000-0000-0000-0004-000000000135','00000000-0000-0000-0003-000000000033','I understand that worship extends beyond music to a lifestyle.','Je comprends que l''adoration s''étend au-delà de la musique à un style de vie.',3);
INSERT INTO questions (id,sub_domain_id,text_en,text_fr,sort_order) VALUES ('00000000-0000-0000-0004-000000000136','00000000-0000-0000-0003-000000000033','I encourage creativity and excellence in how we present the gospel.','J''encourage la créativité et l''excellence dans la présentation de l''Évangile.',4);

INSERT INTO sub_domains (id,pillar_id,slug,name_en,name_fr,sort_order) VALUES ('00000000-0000-0000-0003-000000000034','00000000-0000-0000-0002-000000000008','evangelism-outreach','Evangelism & Outreach','Evangelism & Outreach',5);
INSERT INTO questions (id,sub_domain_id,text_en,text_fr,sort_order) VALUES ('00000000-0000-0000-0004-000000000137','00000000-0000-0000-0003-000000000034','I actively lead outreach efforts beyond the walls of the church.','Je dirige activement les efforts d''évangélisation au-delà des murs de l''église.',1);
INSERT INTO questions (id,sub_domain_id,text_en,text_fr,sort_order) VALUES ('00000000-0000-0000-0004-000000000138','00000000-0000-0000-0003-000000000034','I equip my congregation to share their faith naturally in everyday life.','J''équipe ma congrégation pour partager leur foi naturellement dans la vie quotidienne.',2);
INSERT INTO questions (id,sub_domain_id,text_en,text_fr,sort_order) VALUES ('00000000-0000-0000-0004-000000000139','00000000-0000-0000-0003-000000000034','I engage with the community around my church, not just my members.','Je m''engage avec la communauté autour de mon église, pas seulement mes membres.',3);
INSERT INTO questions (id,sub_domain_id,text_en,text_fr,sort_order) VALUES ('00000000-0000-0000-0004-000000000140','00000000-0000-0000-0003-000000000034','I measure evangelistic fruitfulness, not just church attendance.','Je mesure la fécondité évangélique, pas seulement la fréquentation de l''église.',4);


INSERT INTO pillars (id,track_id,slug,name_en,name_fr,description_en,description_fr,sort_order) VALUES ('00000000-0000-0000-0002-000000000009','00000000-0000-0000-0001-000000000002','organisational-leadership','Organisational Leadership','Organisational Leadership','Stewardship of people and resources','Stewardship of people and resources',4);
INSERT INTO sub_domains (id,pillar_id,slug,name_en,name_fr,sort_order) VALUES ('00000000-0000-0000-0003-000000000035','00000000-0000-0000-0002-000000000009','vision-strategic-planning','Vision & Strategic Planning','Vision & Strategic Planning',1);
INSERT INTO questions (id,sub_domain_id,text_en,text_fr,sort_order) VALUES ('00000000-0000-0000-0004-000000000141','00000000-0000-0000-0003-000000000035','I have a clear 3-5 year vision for where this ministry is heading.','J''ai une vision claire à 3-5 ans de la direction de ce ministère.',1);
INSERT INTO questions (id,sub_domain_id,text_en,text_fr,sort_order) VALUES ('00000000-0000-0000-0004-000000000142','00000000-0000-0000-0003-000000000035','I have communicated this vision so clearly that my leaders can repeat it.','J''ai communiqué cette vision si clairement que mes leaders peuvent la répéter.',2);
INSERT INTO questions (id,sub_domain_id,text_en,text_fr,sort_order) VALUES ('00000000-0000-0000-0004-000000000143','00000000-0000-0000-0003-000000000035','I have a strategic plan with measurable milestones, not just good intentions.','J''ai un plan stratégique avec des jalons mesurables, pas seulement de bonnes intentions.',3);
INSERT INTO questions (id,sub_domain_id,text_en,text_fr,sort_order) VALUES ('00000000-0000-0000-0004-000000000144','00000000-0000-0000-0003-000000000035','I regularly evaluate whether our activities align with our stated vision.','J''évalue régulièrement si nos activités s''alignent avec notre vision déclarée.',4);

INSERT INTO sub_domains (id,pillar_id,slug,name_en,name_fr,sort_order) VALUES ('00000000-0000-0000-0003-000000000036','00000000-0000-0000-0002-000000000009','team-building-volunteer-management','Team Building & Volunteer Management','Team Building & Volunteer Management',2);
INSERT INTO questions (id,sub_domain_id,text_en,text_fr,sort_order) VALUES ('00000000-0000-0000-0004-000000000145','00000000-0000-0000-0003-000000000036','I recruit volunteers based on their gifts, not just their availability.','Je recrute des bénévoles en fonction de leurs dons, pas seulement de leur disponibilité.',1);
INSERT INTO questions (id,sub_domain_id,text_en,text_fr,sort_order) VALUES ('00000000-0000-0000-0004-000000000146','00000000-0000-0000-0003-000000000036','I invest in training and developing my ministry team regularly.','J''investis régulièrement dans la formation et le développement de mon équipe ministérielle.',2);
INSERT INTO questions (id,sub_domain_id,text_en,text_fr,sort_order) VALUES ('00000000-0000-0000-0004-000000000147','00000000-0000-0000-0003-000000000036','I appreciate and celebrate my volunteers, not just use them.','J''apprécie et célèbre mes bénévoles, pas seulement les utiliser.',3);
INSERT INTO questions (id,sub_domain_id,text_en,text_fr,sort_order) VALUES ('00000000-0000-0000-0004-000000000148','00000000-0000-0000-0003-000000000036','I have a system for onboarding, equipping, and releasing new volunteers.','J''ai un système pour intégrer, équiper et lancer de nouveaux bénévoles.',4);

INSERT INTO sub_domains (id,pillar_id,slug,name_en,name_fr,sort_order) VALUES ('00000000-0000-0000-0003-000000000037','00000000-0000-0000-0002-000000000009','financial-stewardship','Financial Stewardship','Financial Stewardship',3);
INSERT INTO questions (id,sub_domain_id,text_en,text_fr,sort_order) VALUES ('00000000-0000-0000-0004-000000000149','00000000-0000-0000-0003-000000000037','My ministry has a transparent budget that the leadership team reviews regularly.','Mon ministère a un budget transparent que l''équipe de direction revoit régulièrement.',1);
INSERT INTO questions (id,sub_domain_id,text_en,text_fr,sort_order) VALUES ('00000000-0000-0000-0004-000000000150','00000000-0000-0000-0003-000000000037','I teach biblical principles of giving and stewardship to my congregation.','J''enseigne les principes bibliques du don et de l''intendance à ma congrégation.',2);
INSERT INTO questions (id,sub_domain_id,text_en,text_fr,sort_order) VALUES ('00000000-0000-0000-0004-000000000151','00000000-0000-0000-0003-000000000037','I personally model generosity and financial integrity.','Je modélise personnellement la générosité et l''intégrité financière.',3);
INSERT INTO questions (id,sub_domain_id,text_en,text_fr,sort_order) VALUES ('00000000-0000-0000-0004-000000000152','00000000-0000-0000-0003-000000000037','I ensure proper financial controls — multiple signatories, audits, reporting.','J''assure des contrôles financiers appropriés — signataires multiples, audits, rapports.',4);

INSERT INTO sub_domains (id,pillar_id,slug,name_en,name_fr,sort_order) VALUES ('00000000-0000-0000-0003-000000000038','00000000-0000-0000-0002-000000000009','governance-church-administration','Governance & Church Administration','Governance & Church Administration',4);
INSERT INTO questions (id,sub_domain_id,text_en,text_fr,sort_order) VALUES ('00000000-0000-0000-0004-000000000153','00000000-0000-0000-0003-000000000038','My church/ministry has a clear governance structure with defined roles.','Mon église/ministère a une structure de gouvernance claire avec des rôles définis.',1);
INSERT INTO questions (id,sub_domain_id,text_en,text_fr,sort_order) VALUES ('00000000-0000-0000-0004-000000000154','00000000-0000-0000-0003-000000000038','I maintain proper records (membership, finances, meeting minutes).','Je maintiens des registres appropriés (membres, finances, procès-verbaux).',2);
INSERT INTO questions (id,sub_domain_id,text_en,text_fr,sort_order) VALUES ('00000000-0000-0000-0004-000000000155','00000000-0000-0000-0003-000000000038','I delegate administrative tasks rather than trying to do everything myself.','Je délègue les tâches administratives plutôt que d''essayer de tout faire moi-même.',3);
INSERT INTO questions (id,sub_domain_id,text_en,text_fr,sort_order) VALUES ('00000000-0000-0000-0004-000000000156','00000000-0000-0000-0003-000000000038','I use technology and systems to improve ministry efficiency.','J''utilise la technologie et les systèmes pour améliorer l''efficacité du ministère.',4);


INSERT INTO pillars (id,track_id,slug,name_en,name_fr,description_en,description_fr,sort_order) VALUES ('00000000-0000-0000-0002-000000000010','00000000-0000-0000-0001-000000000002','sustainability-multiplication','Sustainability & Multiplication','Sustainability & Multiplication','Ministry that outlives you','Ministry that outlives you',5);
INSERT INTO sub_domains (id,pillar_id,slug,name_en,name_fr,sort_order) VALUES ('00000000-0000-0000-0003-000000000039','00000000-0000-0000-0002-000000000010','succession-planning','Succession Planning','Succession Planning',1);
INSERT INTO questions (id,sub_domain_id,text_en,text_fr,sort_order) VALUES ('00000000-0000-0000-0004-000000000157','00000000-0000-0000-0003-000000000039','I am actively preparing someone to take over my role if needed.','Je prépare activement quelqu''un pour reprendre mon rôle si nécessaire.',1);
INSERT INTO questions (id,sub_domain_id,text_en,text_fr,sort_order) VALUES ('00000000-0000-0000-0004-000000000158','00000000-0000-0000-0003-000000000039','I share leadership responsibilities so the ministry doesn''t depend solely on me.','Je partage les responsabilités de leadership pour que le ministère ne dépende pas uniquement de moi.',2);
INSERT INTO questions (id,sub_domain_id,text_en,text_fr,sort_order) VALUES ('00000000-0000-0000-0004-000000000159','00000000-0000-0000-0003-000000000039','I have a documented succession plan, even if informal.','J''ai un plan de succession documenté, même informel.',3);
INSERT INTO questions (id,sub_domain_id,text_en,text_fr,sort_order) VALUES ('00000000-0000-0000-0004-000000000160','00000000-0000-0000-0003-000000000039','I am emotionally willing to step aside when the time is right.','Je suis émotionnellement prêt à me retirer quand le moment est venu.',4);

INSERT INTO sub_domains (id,pillar_id,slug,name_en,name_fr,sort_order) VALUES ('00000000-0000-0000-0003-000000000040','00000000-0000-0000-0002-000000000010','leader-development','Leader Development','Leader Development',2);
INSERT INTO questions (id,sub_domain_id,text_en,text_fr,sort_order) VALUES ('00000000-0000-0000-0004-000000000161','00000000-0000-0000-0003-000000000040','I invest in developing other ministers and leaders around me.','J''investis dans le développement d''autres ministres et leaders autour de moi.',1);
INSERT INTO questions (id,sub_domain_id,text_en,text_fr,sort_order) VALUES ('00000000-0000-0000-0004-000000000162','00000000-0000-0000-0003-000000000040','I give emerging leaders real platforms and opportunities, not just theory.','Je donne aux leaders émergents de vraies plateformes et opportunités, pas seulement de la théorie.',2);
INSERT INTO questions (id,sub_domain_id,text_en,text_fr,sort_order) VALUES ('00000000-0000-0000-0004-000000000163','00000000-0000-0000-0003-000000000040','I celebrate when my trainees exceed my own abilities.','Je célèbre quand mes stagiaires dépassent mes propres capacités.',3);
INSERT INTO questions (id,sub_domain_id,text_en,text_fr,sort_order) VALUES ('00000000-0000-0000-0004-000000000164','00000000-0000-0000-0003-000000000040','I have a leadership pipeline with people at various stages of development.','J''ai un pipeline de leadership avec des personnes à différents stades de développement.',4);

INSERT INTO sub_domains (id,pillar_id,slug,name_en,name_fr,sort_order) VALUES ('00000000-0000-0000-0003-000000000041','00000000-0000-0000-0002-000000000010','family-ministry-balance','Family & Ministry Balance','Family & Ministry Balance',3);
INSERT INTO questions (id,sub_domain_id,text_en,text_fr,sort_order) VALUES ('00000000-0000-0000-0004-000000000165','00000000-0000-0000-0003-000000000041','My spouse and family feel valued, not sacrificed for ministry.','Mon conjoint et ma famille se sentent valorisés, pas sacrifiés pour le ministère.',1);
INSERT INTO questions (id,sub_domain_id,text_en,text_fr,sort_order) VALUES ('00000000-0000-0000-0004-000000000166','00000000-0000-0000-0003-000000000041','I take regular days off and vacations without guilt.','Je prends des jours de repos et des vacances réguliers sans culpabilité.',2);
INSERT INTO questions (id,sub_domain_id,text_en,text_fr,sort_order) VALUES ('00000000-0000-0000-0004-000000000167','00000000-0000-0000-0003-000000000041','I set boundaries on ministry demands to protect my family time.','Je fixe des limites aux exigences du ministère pour protéger mon temps familial.',3);
INSERT INTO questions (id,sub_domain_id,text_en,text_fr,sort_order) VALUES ('00000000-0000-0000-0004-000000000168','00000000-0000-0000-0003-000000000041','My children (if applicable) have a healthy view of ministry and the church.','Mes enfants (le cas échéant) ont une vision saine du ministère et de l''église.',4);

INSERT INTO sub_domains (id,pillar_id,slug,name_en,name_fr,sort_order) VALUES ('00000000-0000-0000-0003-000000000042','00000000-0000-0000-0002-000000000010','legacy-kingdom-impact','Legacy & Kingdom Impact','Legacy & Kingdom Impact',4);
INSERT INTO questions (id,sub_domain_id,text_en,text_fr,sort_order) VALUES ('00000000-0000-0000-0004-000000000169','00000000-0000-0000-0003-000000000042','I think about the long-term impact of my ministry beyond my own lifetime.','Je pense à l''impact à long terme de mon ministère au-delà de ma propre vie.',1);
INSERT INTO questions (id,sub_domain_id,text_en,text_fr,sort_order) VALUES ('00000000-0000-0000-0004-000000000170','00000000-0000-0000-0003-000000000042','I invest in institutions (schools, programmes, networks) not just events.','J''investis dans les institutions (écoles, programmes, réseaux), pas seulement dans les événements.',2);
INSERT INTO questions (id,sub_domain_id,text_en,text_fr,sort_order) VALUES ('00000000-0000-0000-0004-000000000171','00000000-0000-0000-0003-000000000042','I measure success by transformation in people''s lives, not just activities.','Je mesure le succès par la transformation dans la vie des gens, pas seulement les activités.',3);
INSERT INTO questions (id,sub_domain_id,text_en,text_fr,sort_order) VALUES ('00000000-0000-0000-0004-000000000172','00000000-0000-0000-0003-000000000042','I am building a ministry that will thrive even after I''m gone.','Je construis un ministère qui prospérera même après mon départ.',4);


-- ═══ TRACK 3: MARRIAGE COACHING ═══
INSERT INTO tracks (id,slug,name_en,name_fr,description_en,description_fr,icon,color,sort_order) VALUES ('00000000-0000-0000-0001-000000000003','marriage','Marriage Coaching','Coaching Conjugal','Each spouse completes their intake individually across 5 Pillars and 20 relational dimensions. The platform analyses both sets of answers together.','Chaque conjoint complète l''évaluation individuellement à travers 5 Piliers et 20 dimensions relationnelles.','heart','#DB2777',3);

INSERT INTO pillars (id,track_id,slug,name_en,name_fr,description_en,description_fr,sort_order) VALUES ('00000000-0000-0000-0002-000000000011','00000000-0000-0000-0001-000000000003','personal-foundation','Personal Foundation','Personal Foundation','A healthy marriage starts with two healthy individuals','A healthy marriage starts with two healthy individuals',1);
INSERT INTO sub_domains (id,pillar_id,slug,name_en,name_fr,sort_order) VALUES ('00000000-0000-0000-0003-000000000043','00000000-0000-0000-0002-000000000011','self-awareness','Self-Awareness','Self-Awareness',1);
INSERT INTO questions (id,sub_domain_id,text_en,text_fr,sort_order) VALUES ('00000000-0000-0000-0004-000000000173','00000000-0000-0000-0003-000000000043','I understand my own emotional triggers and how they affect my spouse.','Je comprends mes propres déclencheurs émotionnels et comment ils affectent mon conjoint.',1);
INSERT INTO questions (id,sub_domain_id,text_en,text_fr,sort_order) VALUES ('00000000-0000-0000-0004-000000000174','00000000-0000-0000-0003-000000000043','I can identify patterns from my family of origin that I bring into my marriage.','Je peux identifier les schémas de ma famille d''origine que j''apporte dans mon mariage.',2);
INSERT INTO questions (id,sub_domain_id,text_en,text_fr,sort_order) VALUES ('00000000-0000-0000-0004-000000000175','00000000-0000-0000-0003-000000000043','I am honest with myself about my contribution to our marital challenges.','Je suis honnête avec moi-même sur ma contribution à nos défis conjugaux.',3);
INSERT INTO questions (id,sub_domain_id,text_en,text_fr,sort_order) VALUES ('00000000-0000-0000-0004-000000000176','00000000-0000-0000-0003-000000000043','I regularly reflect on my own growth areas rather than focusing on my spouse''s flaws.','Je réfléchis régulièrement à mes propres domaines de croissance plutôt que de me concentrer sur les défauts de mon conjoint.',4);

INSERT INTO sub_domains (id,pillar_id,slug,name_en,name_fr,sort_order) VALUES ('00000000-0000-0000-0003-000000000044','00000000-0000-0000-0002-000000000011','emotional-intelligence','Emotional Intelligence','Emotional Intelligence',2);
INSERT INTO questions (id,sub_domain_id,text_en,text_fr,sort_order) VALUES ('00000000-0000-0000-0004-000000000177','00000000-0000-0000-0003-000000000044','I can manage my emotions during disagreements without shutting down or exploding.','Je peux gérer mes émotions pendant les désaccords sans me fermer ou exploser.',1);
INSERT INTO questions (id,sub_domain_id,text_en,text_fr,sort_order) VALUES ('00000000-0000-0000-0004-000000000178','00000000-0000-0000-0003-000000000044','I recognise when my spouse is struggling emotionally even if they don''t say it.','Je reconnais quand mon conjoint lutte émotionnellement même s''il ne le dit pas.',2);
INSERT INTO questions (id,sub_domain_id,text_en,text_fr,sort_order) VALUES ('00000000-0000-0000-0004-000000000179','00000000-0000-0000-0003-000000000044','I take responsibility for my emotional reactions rather than blaming my spouse.','Je prends la responsabilité de mes réactions émotionnelles plutôt que de blâmer mon conjoint.',3);
INSERT INTO questions (id,sub_domain_id,text_en,text_fr,sort_order) VALUES ('00000000-0000-0000-0004-000000000180','00000000-0000-0000-0003-000000000044','I can pause and regulate myself before responding in heated moments.','Je peux faire une pause et me réguler avant de répondre dans les moments tendus.',4);

INSERT INTO sub_domains (id,pillar_id,slug,name_en,name_fr,sort_order) VALUES ('00000000-0000-0000-0003-000000000045','00000000-0000-0000-0002-000000000011','personal-responsibility','Personal Responsibility','Personal Responsibility',3);
INSERT INTO questions (id,sub_domain_id,text_en,text_fr,sort_order) VALUES ('00000000-0000-0000-0004-000000000181','00000000-0000-0000-0003-000000000045','I own my mistakes in the relationship without making excuses.','J''assume mes erreurs dans la relation sans faire d''excuses.',1);
INSERT INTO questions (id,sub_domain_id,text_en,text_fr,sort_order) VALUES ('00000000-0000-0000-0004-000000000182','00000000-0000-0000-0003-000000000045','I apologise sincerely when I am wrong, without adding ''but you also...''','Je m''excuse sincèrement quand j''ai tort, sans ajouter ''mais toi aussi...''',2);
INSERT INTO questions (id,sub_domain_id,text_en,text_fr,sort_order) VALUES ('00000000-0000-0000-0004-000000000183','00000000-0000-0000-0003-000000000045','I work on myself consistently, not just when there''s a crisis.','Je travaille sur moi-même de manière constante, pas seulement en cas de crise.',3);
INSERT INTO questions (id,sub_domain_id,text_en,text_fr,sort_order) VALUES ('00000000-0000-0000-0004-000000000184','00000000-0000-0000-0003-000000000045','I seek personal growth (books, counselling, mentoring) for the sake of my marriage.','Je recherche une croissance personnelle (livres, accompagnement, mentorat) pour le bien de mon mariage.',4);

INSERT INTO sub_domains (id,pillar_id,slug,name_en,name_fr,sort_order) VALUES ('00000000-0000-0000-0003-000000000046','00000000-0000-0000-0002-000000000011','spiritual-value-alignment','Spiritual & Value Alignment','Spiritual & Value Alignment',4);
INSERT INTO questions (id,sub_domain_id,text_en,text_fr,sort_order) VALUES ('00000000-0000-0000-0004-000000000185','00000000-0000-0000-0003-000000000046','My spouse and I share the same core values and life priorities.','Mon conjoint et moi partageons les mêmes valeurs fondamentales et priorités de vie.',1);
INSERT INTO questions (id,sub_domain_id,text_en,text_fr,sort_order) VALUES ('00000000-0000-0000-0004-000000000186','00000000-0000-0000-0003-000000000046','We pray together or engage in shared spiritual practices regularly.','Nous prions ensemble ou participons à des pratiques spirituelles partagées régulièrement.',2);
INSERT INTO questions (id,sub_domain_id,text_en,text_fr,sort_order) VALUES ('00000000-0000-0000-0004-000000000187','00000000-0000-0000-0003-000000000046','We agree on how faith influences our decisions as a couple.','Nous sommes d''accord sur la façon dont la foi influence nos décisions en tant que couple.',3);
INSERT INTO questions (id,sub_domain_id,text_en,text_fr,sort_order) VALUES ('00000000-0000-0000-0004-000000000188','00000000-0000-0000-0003-000000000046','We have discussed and aligned on our views about money, parenting, and purpose.','Nous avons discuté et aligné nos vues sur l''argent, l''éducation des enfants et notre mission.',4);


INSERT INTO pillars (id,track_id,slug,name_en,name_fr,description_en,description_fr,sort_order) VALUES ('00000000-0000-0000-0002-000000000012','00000000-0000-0000-0001-000000000003','communication-connection','Communication & Connection','Communication & Connection','Most marriage problems are communication problems','Most marriage problems are communication problems',2);
INSERT INTO sub_domains (id,pillar_id,slug,name_en,name_fr,sort_order) VALUES ('00000000-0000-0000-0003-000000000047','00000000-0000-0000-0002-000000000012','listening-empathy','Listening & Empathy','Listening & Empathy',1);
INSERT INTO questions (id,sub_domain_id,text_en,text_fr,sort_order) VALUES ('00000000-0000-0000-0004-000000000189','00000000-0000-0000-0003-000000000047','I listen to my spouse without interrupting or planning my response.','J''écoute mon conjoint sans l''interrompre ou planifier ma réponse.',1);
INSERT INTO questions (id,sub_domain_id,text_en,text_fr,sort_order) VALUES ('00000000-0000-0000-0004-000000000190','00000000-0000-0000-0003-000000000047','I try to understand my spouse''s perspective even when I disagree.','J''essaie de comprendre la perspective de mon conjoint même quand je ne suis pas d''accord.',2);
INSERT INTO questions (id,sub_domain_id,text_en,text_fr,sort_order) VALUES ('00000000-0000-0000-0004-000000000191','00000000-0000-0000-0003-000000000047','My spouse would say I make them feel truly heard.','Mon conjoint dirait que je le fais se sentir véritablement écouté.',3);
INSERT INTO questions (id,sub_domain_id,text_en,text_fr,sort_order) VALUES ('00000000-0000-0000-0004-000000000192','00000000-0000-0000-0003-000000000047','I ask clarifying questions rather than assuming I know what my spouse means.','Je pose des questions de clarification plutôt que de supposer savoir ce que mon conjoint veut dire.',4);

INSERT INTO sub_domains (id,pillar_id,slug,name_en,name_fr,sort_order) VALUES ('00000000-0000-0000-0003-000000000048','00000000-0000-0000-0002-000000000012','conflict-resolution','Conflict Resolution','Conflict Resolution',2);
INSERT INTO questions (id,sub_domain_id,text_en,text_fr,sort_order) VALUES ('00000000-0000-0000-0004-000000000193','00000000-0000-0000-0003-000000000048','We resolve conflicts without resorting to insults, stonewalling, or silent treatment.','Nous résolvons les conflits sans recourir aux insultes, au mutisme ou au traitement silencieux.',1);
INSERT INTO questions (id,sub_domain_id,text_en,text_fr,sort_order) VALUES ('00000000-0000-0000-0004-000000000194','00000000-0000-0000-0003-000000000048','We can disagree without it turning into a personal attack.','Nous pouvons être en désaccord sans que cela devienne une attaque personnelle.',2);
INSERT INTO questions (id,sub_domain_id,text_en,text_fr,sort_order) VALUES ('00000000-0000-0000-0004-000000000195','00000000-0000-0000-0003-000000000048','We have an agreed approach for handling arguments (time-outs, ground rules).','Nous avons une approche convenue pour gérer les disputes (temps morts, règles de base).',3);
INSERT INTO questions (id,sub_domain_id,text_en,text_fr,sort_order) VALUES ('00000000-0000-0000-0004-000000000196','00000000-0000-0000-0003-000000000048','After a conflict, we reconcile and don''t let resentment build up.','Après un conflit, nous nous réconcilions et ne laissons pas le ressentiment s''accumuler.',4);
INSERT INTO questions (id,sub_domain_id,text_en,text_fr,sort_order) VALUES ('00000000-0000-0000-0004-000000000197','00000000-0000-0000-0003-000000000048','We fight about the actual issue, not about past unresolved grievances.','Nous nous disputons sur le vrai sujet, pas sur des griefs passés non résolus.',5);

INSERT INTO sub_domains (id,pillar_id,slug,name_en,name_fr,sort_order) VALUES ('00000000-0000-0000-0003-000000000049','00000000-0000-0000-0002-000000000012','emotional-intimacy','Emotional Intimacy','Emotional Intimacy',3);
INSERT INTO questions (id,sub_domain_id,text_en,text_fr,sort_order) VALUES ('00000000-0000-0000-0004-000000000198','00000000-0000-0000-0003-000000000049','I feel safe being vulnerable and honest with my spouse.','Je me sens en sécurité pour être vulnérable et honnête avec mon conjoint.',1);
INSERT INTO questions (id,sub_domain_id,text_en,text_fr,sort_order) VALUES ('00000000-0000-0000-0004-000000000199','00000000-0000-0000-0003-000000000049','We share our fears, dreams, and inner thoughts with each other.','Nous partageons nos peurs, nos rêves et nos pensées profondes l''un avec l''autre.',2);
INSERT INTO questions (id,sub_domain_id,text_en,text_fr,sort_order) VALUES ('00000000-0000-0000-0004-000000000200','00000000-0000-0000-0003-000000000049','We have deep conversations beyond logistics and daily schedules.','Nous avons des conversations profondes au-delà de la logistique et des horaires quotidiens.',3);
INSERT INTO questions (id,sub_domain_id,text_en,text_fr,sort_order) VALUES ('00000000-0000-0000-0004-000000000201','00000000-0000-0000-0003-000000000049','I trust my spouse with my weaknesses and insecurities.','Je fais confiance à mon conjoint avec mes faiblesses et mes insécurités.',4);

INSERT INTO sub_domains (id,pillar_id,slug,name_en,name_fr,sort_order) VALUES ('00000000-0000-0000-0003-000000000050','00000000-0000-0000-0002-000000000012','appreciation-affirmation','Appreciation & Affirmation','Appreciation & Affirmation',4);
INSERT INTO questions (id,sub_domain_id,text_en,text_fr,sort_order) VALUES ('00000000-0000-0000-0004-000000000202','00000000-0000-0000-0003-000000000050','I regularly express gratitude and appreciation to my spouse.','J''exprime régulièrement ma gratitude et mon appréciation à mon conjoint.',1);
INSERT INTO questions (id,sub_domain_id,text_en,text_fr,sort_order) VALUES ('00000000-0000-0000-0004-000000000203','00000000-0000-0000-0003-000000000050','I know my spouse''s love language and I speak it intentionally.','Je connais le langage d''amour de mon conjoint et je le parle intentionnellement.',2);
INSERT INTO questions (id,sub_domain_id,text_en,text_fr,sort_order) VALUES ('00000000-0000-0000-0004-000000000204','00000000-0000-0000-0003-000000000050','I compliment my spouse genuinely, not just when I want something.','Je complimente mon conjoint sincèrement, pas seulement quand je veux quelque chose.',3);
INSERT INTO questions (id,sub_domain_id,text_en,text_fr,sort_order) VALUES ('00000000-0000-0000-0004-000000000205','00000000-0000-0000-0003-000000000050','I celebrate my spouse''s achievements and encourage their growth.','Je célèbre les réussites de mon conjoint et encourage sa croissance.',4);


INSERT INTO pillars (id,track_id,slug,name_en,name_fr,description_en,description_fr,sort_order) VALUES ('00000000-0000-0000-0002-000000000013','00000000-0000-0000-0001-000000000003','partnership-roles','Partnership & Roles','Partnership & Roles','Running a life together requires alignment','Running a life together requires alignment',3);
INSERT INTO sub_domains (id,pillar_id,slug,name_en,name_fr,sort_order) VALUES ('00000000-0000-0000-0003-000000000051','00000000-0000-0000-0002-000000000013','decision-making-together','Decision-Making Together','Decision-Making Together',1);
INSERT INTO questions (id,sub_domain_id,text_en,text_fr,sort_order) VALUES ('00000000-0000-0000-0004-000000000206','00000000-0000-0000-0003-000000000051','We make major decisions together as equal partners.','Nous prenons les décisions importantes ensemble en tant que partenaires égaux.',1);
INSERT INTO questions (id,sub_domain_id,text_en,text_fr,sort_order) VALUES ('00000000-0000-0000-0004-000000000207','00000000-0000-0000-0003-000000000051','Neither of us makes unilateral decisions that affect the other without consultation.','Aucun de nous ne prend de décisions unilatérales qui affectent l''autre sans consultation.',2);
INSERT INTO questions (id,sub_domain_id,text_en,text_fr,sort_order) VALUES ('00000000-0000-0000-0004-000000000208','00000000-0000-0000-0003-000000000051','We have a fair process for resolving disagreements on decisions.','Nous avons un processus équitable pour résoudre les désaccords sur les décisions.',3);
INSERT INTO questions (id,sub_domain_id,text_en,text_fr,sort_order) VALUES ('00000000-0000-0000-0004-000000000209','00000000-0000-0000-0003-000000000051','We respect each other''s areas of strength when dividing decision-making.','Nous respectons les domaines de force de chacun dans la répartition des décisions.',4);

INSERT INTO sub_domains (id,pillar_id,slug,name_en,name_fr,sort_order) VALUES ('00000000-0000-0000-0003-000000000052','00000000-0000-0000-0002-000000000013','financial-partnership','Financial Partnership','Financial Partnership',2);
INSERT INTO questions (id,sub_domain_id,text_en,text_fr,sort_order) VALUES ('00000000-0000-0000-0004-000000000210','00000000-0000-0000-0003-000000000052','We have open, honest conversations about money without shame or blame.','Nous avons des conversations ouvertes et honnêtes sur l''argent sans honte ni blâme.',1);
INSERT INTO questions (id,sub_domain_id,text_en,text_fr,sort_order) VALUES ('00000000-0000-0000-0004-000000000211','00000000-0000-0000-0003-000000000052','We have a shared budget or financial plan that we both agree on.','Nous avons un budget ou un plan financier commun sur lequel nous sommes d''accord.',2);
INSERT INTO questions (id,sub_domain_id,text_en,text_fr,sort_order) VALUES ('00000000-0000-0000-0004-000000000212','00000000-0000-0000-0003-000000000052','We make financial decisions together rather than hiding spending.','Nous prenons les décisions financières ensemble plutôt que de cacher des dépenses.',3);
INSERT INTO questions (id,sub_domain_id,text_en,text_fr,sort_order) VALUES ('00000000-0000-0000-0004-000000000213','00000000-0000-0000-0003-000000000052','We are aligned on our approach to saving, giving, and debt.','Nous sommes alignés sur notre approche de l''épargne, des dons et de la dette.',4);

INSERT INTO sub_domains (id,pillar_id,slug,name_en,name_fr,sort_order) VALUES ('00000000-0000-0000-0003-000000000053','00000000-0000-0000-0002-000000000013','household-parenting-alignment','Household & Parenting Alignment','Household & Parenting Alignment',3);
INSERT INTO questions (id,sub_domain_id,text_en,text_fr,sort_order) VALUES ('00000000-0000-0000-0004-000000000214','00000000-0000-0000-0003-000000000053','We share household responsibilities in a way that feels fair to both of us.','Nous partageons les responsabilités ménagères d''une manière qui semble juste pour nous deux.',1);
INSERT INTO questions (id,sub_domain_id,text_en,text_fr,sort_order) VALUES ('00000000-0000-0000-0004-000000000215','00000000-0000-0000-0003-000000000053','We agree on our parenting approach and present a united front to our children.','Nous sommes d''accord sur notre approche parentale et présentons un front uni à nos enfants.',2);
INSERT INTO questions (id,sub_domain_id,text_en,text_fr,sort_order) VALUES ('00000000-0000-0000-0004-000000000216','00000000-0000-0000-0003-000000000053','We discuss and adjust roles as our family situation changes.','Nous discutons et ajustons les rôles au fur et à mesure que notre situation familiale évolue.',3);
INSERT INTO questions (id,sub_domain_id,text_en,text_fr,sort_order) VALUES ('00000000-0000-0000-0004-000000000217','00000000-0000-0000-0003-000000000053','Neither of us carries a disproportionate burden without acknowledgment.','Aucun de nous ne porte un fardeau disproportionné sans reconnaissance.',4);

INSERT INTO sub_domains (id,pillar_id,slug,name_en,name_fr,sort_order) VALUES ('00000000-0000-0000-0003-000000000054','00000000-0000-0000-0002-000000000013','extended-family-boundaries','Extended Family Boundaries','Extended Family Boundaries',4);
INSERT INTO questions (id,sub_domain_id,text_en,text_fr,sort_order) VALUES ('00000000-0000-0000-0004-000000000218','00000000-0000-0000-0003-000000000054','We have clear, agreed boundaries with our extended families.','Nous avons des limites claires et convenues avec nos familles élargies.',1);
INSERT INTO questions (id,sub_domain_id,text_en,text_fr,sort_order) VALUES ('00000000-0000-0000-0004-000000000219','00000000-0000-0000-0003-000000000054','My spouse feels prioritised over my parents and siblings.','Mon conjoint se sent prioritaire par rapport à mes parents et frères et sœurs.',2);
INSERT INTO questions (id,sub_domain_id,text_en,text_fr,sort_order) VALUES ('00000000-0000-0000-0004-000000000220','00000000-0000-0000-0003-000000000054','We handle in-law conflicts as a team rather than siding with our own families.','Nous gérons les conflits avec la belle-famille en équipe plutôt que de prendre le parti de notre propre famille.',3);
INSERT INTO questions (id,sub_domain_id,text_en,text_fr,sort_order) VALUES ('00000000-0000-0000-0004-000000000221','00000000-0000-0000-0003-000000000054','We have discussed how much influence extended family has on our decisions.','Nous avons discuté de l''influence que la famille élargie a sur nos décisions.',4);


INSERT INTO pillars (id,track_id,slug,name_en,name_fr,description_en,description_fr,sort_order) VALUES ('00000000-0000-0000-0002-000000000014','00000000-0000-0000-0001-000000000003','intimacy-sexuality','Intimacy & Sexuality','Intimacy & Sexuality','The dimension most couples avoid but desperately need','The dimension most couples avoid but desperately need',4);
INSERT INTO sub_domains (id,pillar_id,slug,name_en,name_fr,sort_order) VALUES ('00000000-0000-0000-0003-000000000055','00000000-0000-0000-0002-000000000014','physical-intimacy','Physical Intimacy','Physical Intimacy',1);
INSERT INTO questions (id,sub_domain_id,text_en,text_fr,sort_order) VALUES ('00000000-0000-0000-0004-000000000222','00000000-0000-0000-0003-000000000055','I am satisfied with the frequency and quality of our physical intimacy.','Je suis satisfait de la fréquence et de la qualité de notre intimité physique.',1);
INSERT INTO questions (id,sub_domain_id,text_en,text_fr,sort_order) VALUES ('00000000-0000-0000-0004-000000000223','00000000-0000-0000-0003-000000000055','We are both comfortable initiating physical affection.','Nous sommes tous deux à l''aise pour initier l''affection physique.',2);
INSERT INTO questions (id,sub_domain_id,text_en,text_fr,sort_order) VALUES ('00000000-0000-0000-0004-000000000224','00000000-0000-0000-0003-000000000055','Physical intimacy in our marriage goes beyond just sexual intercourse.','L''intimité physique dans notre mariage va au-delà des rapports sexuels.',3);
INSERT INTO questions (id,sub_domain_id,text_en,text_fr,sort_order) VALUES ('00000000-0000-0000-0004-000000000225','00000000-0000-0000-0003-000000000055','We make time for physical connection even during busy or stressful seasons.','Nous faisons du temps pour la connexion physique même pendant les périodes occupées ou stressantes.',4);

INSERT INTO sub_domains (id,pillar_id,slug,name_en,name_fr,sort_order) VALUES ('00000000-0000-0000-0003-000000000056','00000000-0000-0000-0002-000000000014','sexual-communication','Sexual Communication','Sexual Communication',2);
INSERT INTO questions (id,sub_domain_id,text_en,text_fr,sort_order) VALUES ('00000000-0000-0000-0004-000000000226','00000000-0000-0000-0003-000000000056','We can talk openly about our sexual needs without embarrassment.','Nous pouvons parler ouvertement de nos besoins sexuels sans embarras.',1);
INSERT INTO questions (id,sub_domain_id,text_en,text_fr,sort_order) VALUES ('00000000-0000-0000-0004-000000000227','00000000-0000-0000-0003-000000000056','I feel comfortable expressing what I enjoy and what I don''t.','Je me sens à l''aise pour exprimer ce que j''apprécie et ce que je n''apprécie pas.',2);
INSERT INTO questions (id,sub_domain_id,text_en,text_fr,sort_order) VALUES ('00000000-0000-0000-0004-000000000228','00000000-0000-0000-0003-000000000056','We address sexual concerns or dissatisfaction constructively.','Nous abordons les préoccupations ou insatisfactions sexuelles de manière constructive.',3);
INSERT INTO questions (id,sub_domain_id,text_en,text_fr,sort_order) VALUES ('00000000-0000-0000-0004-000000000229','00000000-0000-0000-0003-000000000056','Neither of us uses sex as a weapon, bargaining tool, or punishment.','Aucun de nous n''utilise le sexe comme arme, monnaie d''échange ou punition.',4);

INSERT INTO sub_domains (id,pillar_id,slug,name_en,name_fr,sort_order) VALUES ('00000000-0000-0000-0003-000000000057','00000000-0000-0000-0002-000000000014','romance-intentionality','Romance & Intentionality','Romance & Intentionality',3);
INSERT INTO questions (id,sub_domain_id,text_en,text_fr,sort_order) VALUES ('00000000-0000-0000-0004-000000000230','00000000-0000-0000-0003-000000000057','We go on regular dates or create intentional couple time.','Nous sortons régulièrement en couple ou créons du temps intentionnel à deux.',1);
INSERT INTO questions (id,sub_domain_id,text_en,text_fr,sort_order) VALUES ('00000000-0000-0000-0004-000000000231','00000000-0000-0000-0003-000000000057','We still flirt, surprise each other, and keep romance alive.','Nous flirtons encore, nous surprenons mutuellement et gardons la romance vivante.',2);
INSERT INTO questions (id,sub_domain_id,text_en,text_fr,sort_order) VALUES ('00000000-0000-0000-0004-000000000232','00000000-0000-0000-0003-000000000057','I put effort into being attractive and attentive to my spouse.','Je fais des efforts pour être attrayant et attentionné envers mon conjoint.',3);
INSERT INTO questions (id,sub_domain_id,text_en,text_fr,sort_order) VALUES ('00000000-0000-0000-0004-000000000233','00000000-0000-0000-0003-000000000057','We have fun together — our relationship isn''t all responsibilities and problems.','Nous nous amusons ensemble — notre relation n''est pas que responsabilités et problèmes.',4);

INSERT INTO sub_domains (id,pillar_id,slug,name_en,name_fr,sort_order) VALUES ('00000000-0000-0000-0003-000000000058','00000000-0000-0000-0002-000000000014','trust-fidelity','Trust & Fidelity','Trust & Fidelity',4);
INSERT INTO questions (id,sub_domain_id,text_en,text_fr,sort_order) VALUES ('00000000-0000-0000-0004-000000000234','00000000-0000-0000-0003-000000000058','I trust my spouse completely with their friendships and interactions.','Je fais entièrement confiance à mon conjoint concernant ses amitiés et interactions.',1);
INSERT INTO questions (id,sub_domain_id,text_en,text_fr,sort_order) VALUES ('00000000-0000-0000-0004-000000000235','00000000-0000-0000-0003-000000000058','We have agreed boundaries around social media, phones, and opposite-sex friendships.','Nous avons des limites convenues autour des réseaux sociaux, des téléphones et des amitiés avec le sexe opposé.',2);
INSERT INTO questions (id,sub_domain_id,text_en,text_fr,sort_order) VALUES ('00000000-0000-0000-0004-000000000236','00000000-0000-0000-0003-000000000058','There are no secrets between us that would damage our relationship if revealed.','Il n''y a pas de secrets entre nous qui endommageraient notre relation s''ils étaient révélés.',3);
INSERT INTO questions (id,sub_domain_id,text_en,text_fr,sort_order) VALUES ('00000000-0000-0000-0004-000000000237','00000000-0000-0000-0003-000000000058','We protect our marriage by being transparent about where we go and who we see.','Nous protégeons notre mariage en étant transparents sur nos déplacements et fréquentations.',4);


INSERT INTO pillars (id,track_id,slug,name_en,name_fr,description_en,description_fr,sort_order) VALUES ('00000000-0000-0000-0002-000000000015','00000000-0000-0000-0001-000000000003','growth-legacy','Growth & Legacy','Growth & Legacy','A marriage with no vision drifts','A marriage with no vision drifts',5);
INSERT INTO sub_domains (id,pillar_id,slug,name_en,name_fr,sort_order) VALUES ('00000000-0000-0000-0003-000000000059','00000000-0000-0000-0002-000000000015','shared-vision-goals','Shared Vision & Goals','Shared Vision & Goals',1);
INSERT INTO questions (id,sub_domain_id,text_en,text_fr,sort_order) VALUES ('00000000-0000-0000-0004-000000000238','00000000-0000-0000-0003-000000000059','We have a shared vision for where our marriage and family is heading.','Nous avons une vision commune de la direction de notre mariage et de notre famille.',1);
INSERT INTO questions (id,sub_domain_id,text_en,text_fr,sort_order) VALUES ('00000000-0000-0000-0004-000000000239','00000000-0000-0000-0003-000000000059','We set goals together — financial, relational, spiritual, family goals.','Nous fixons des objectifs ensemble — financiers, relationnels, spirituels, familiaux.',2);
INSERT INTO questions (id,sub_domain_id,text_en,text_fr,sort_order) VALUES ('00000000-0000-0000-0004-000000000240','00000000-0000-0000-0003-000000000059','We regularly check in on our shared vision and adjust as needed.','Nous vérifions régulièrement notre vision commune et l''ajustons si nécessaire.',3);
INSERT INTO questions (id,sub_domain_id,text_en,text_fr,sort_order) VALUES ('00000000-0000-0000-0004-000000000241','00000000-0000-0000-0003-000000000059','We dream together about the future rather than just surviving the present.','Nous rêvons ensemble de l''avenir plutôt que de simplement survivre au présent.',4);

INSERT INTO sub_domains (id,pillar_id,slug,name_en,name_fr,sort_order) VALUES ('00000000-0000-0000-0003-000000000060','00000000-0000-0000-0002-000000000015','crisis-resilience','Crisis Resilience','Crisis Resilience',2);
INSERT INTO questions (id,sub_domain_id,text_en,text_fr,sort_order) VALUES ('00000000-0000-0000-0004-000000000242','00000000-0000-0000-0003-000000000060','We have navigated a major crisis together and come out stronger.','Nous avons traversé une crise majeure ensemble et en sommes sortis plus forts.',1);
INSERT INTO questions (id,sub_domain_id,text_en,text_fr,sort_order) VALUES ('00000000-0000-0000-0004-000000000243','00000000-0000-0000-0003-000000000060','We turn to each other (not away from each other) when times are hard.','Nous nous tournons l''un vers l''autre (pas l''un loin de l''autre) quand les temps sont durs.',2);
INSERT INTO questions (id,sub_domain_id,text_en,text_fr,sort_order) VALUES ('00000000-0000-0000-0004-000000000244','00000000-0000-0000-0003-000000000060','We have external support (mentors, counsellors, community) for tough seasons.','Nous avons un soutien extérieur (mentors, conseillers, communauté) pour les saisons difficiles.',3);
INSERT INTO questions (id,sub_domain_id,text_en,text_fr,sort_order) VALUES ('00000000-0000-0000-0004-000000000245','00000000-0000-0000-0003-000000000060','We view challenges as opportunities to grow closer, not reasons to give up.','Nous voyons les défis comme des opportunités de nous rapprocher, pas des raisons d''abandonner.',4);

INSERT INTO sub_domains (id,pillar_id,slug,name_en,name_fr,sort_order) VALUES ('00000000-0000-0000-0003-000000000061','00000000-0000-0000-0002-000000000015','spiritual-partnership','Spiritual Partnership','Spiritual Partnership',3);
INSERT INTO questions (id,sub_domain_id,text_en,text_fr,sort_order) VALUES ('00000000-0000-0000-0004-000000000246','00000000-0000-0000-0003-000000000061','We pray for each other regularly.','Nous prions l''un pour l''autre régulièrement.',1);
INSERT INTO questions (id,sub_domain_id,text_en,text_fr,sort_order) VALUES ('00000000-0000-0000-0004-000000000247','00000000-0000-0000-0003-000000000061','We grow spiritually together, not just individually.','Nous grandissons spirituellement ensemble, pas seulement individuellement.',2);
INSERT INTO questions (id,sub_domain_id,text_en,text_fr,sort_order) VALUES ('00000000-0000-0000-0004-000000000248','00000000-0000-0000-0003-000000000061','We serve others together as a couple — our marriage has an outward purpose.','Nous servons les autres ensemble en tant que couple — notre mariage a un but extérieur.',3);
INSERT INTO questions (id,sub_domain_id,text_en,text_fr,sort_order) VALUES ('00000000-0000-0000-0004-000000000249','00000000-0000-0000-0003-000000000061','We discuss spiritual insights, lessons, and convictions with each other.','Nous discutons de nos perspectives spirituelles, leçons et convictions l''un avec l''autre.',4);

INSERT INTO sub_domains (id,pillar_id,slug,name_en,name_fr,sort_order) VALUES ('00000000-0000-0000-0003-000000000062','00000000-0000-0000-0002-000000000015','legacy-impact','Legacy & Impact','Legacy & Impact',4);
INSERT INTO questions (id,sub_domain_id,text_en,text_fr,sort_order) VALUES ('00000000-0000-0000-0004-000000000250','00000000-0000-0000-0003-000000000062','We are intentional about the example we set for our children.','Nous sommes intentionnels quant à l''exemple que nous donnons à nos enfants.',1);
INSERT INTO questions (id,sub_domain_id,text_en,text_fr,sort_order) VALUES ('00000000-0000-0000-0004-000000000251','00000000-0000-0000-0003-000000000062','We mentor or support other couples in their marriages.','Nous mentorons ou soutenons d''autres couples dans leurs mariages.',2);
INSERT INTO questions (id,sub_domain_id,text_en,text_fr,sort_order) VALUES ('00000000-0000-0000-0004-000000000252','00000000-0000-0000-0003-000000000062','We are building a family culture and values that will outlast us.','Nous construisons une culture et des valeurs familiales qui nous survivront.',3);
INSERT INTO questions (id,sub_domain_id,text_en,text_fr,sort_order) VALUES ('00000000-0000-0000-0004-000000000253','00000000-0000-0000-0003-000000000062','Our marriage is a source of strength and inspiration to those around us.','Notre mariage est une source de force et d''inspiration pour ceux qui nous entourent.',4);


-- ═══ TRACK 4: ENTREPRENEUR COACHING ═══
INSERT INTO tracks (id,slug,name_en,name_fr,description_en,description_fr,icon,color,sort_order) VALUES ('00000000-0000-0000-0001-000000000004','entrepreneur','Entrepreneur Coaching','Coaching Entrepreneurial','Brutally honest diagnostics across 5 Pillars — revenue clarity, offer strategy, pricing discipline, financial stewardship, and execution. Kingdom principles + business fundamentals, 21 dimensions deep.','Diagnostics à travers 5 Piliers — clarté de revenus, stratégie d''offre, discipline de prix, gestion financière et exécution. 21 dimensions.','rocket','#EA580C',4);

INSERT INTO pillars (id,track_id,slug,name_en,name_fr,description_en,description_fr,sort_order) VALUES ('00000000-0000-0000-0002-000000000016','00000000-0000-0000-0001-000000000004','entrepreneurial-identity','Entrepreneurial Identity','Entrepreneurial Identity','Who you are determines how you build','Who you are determines how you build',1);
INSERT INTO sub_domains (id,pillar_id,slug,name_en,name_fr,sort_order) VALUES ('00000000-0000-0000-0003-000000000063','00000000-0000-0000-0002-000000000016','entrepreneurial-mindset','Entrepreneurial Mindset','Entrepreneurial Mindset',1);
INSERT INTO questions (id,sub_domain_id,text_en,text_fr,sort_order) VALUES ('00000000-0000-0000-0004-000000000254','00000000-0000-0000-0003-000000000063','I see obstacles as opportunities rather than reasons to quit.','Je vois les obstacles comme des opportunités plutôt que des raisons d''abandonner.',1);
INSERT INTO questions (id,sub_domain_id,text_en,text_fr,sort_order) VALUES ('00000000-0000-0000-0004-000000000255','00000000-0000-0000-0003-000000000063','I am comfortable with calculated risk and uncertainty.','Je suis à l''aise avec le risque calculé et l''incertitude.',2);
INSERT INTO questions (id,sub_domain_id,text_en,text_fr,sort_order) VALUES ('00000000-0000-0000-0004-000000000256','00000000-0000-0000-0003-000000000063','I have a growth mindset — I believe my abilities can be developed.','J''ai un état d''esprit de croissance — je crois que mes capacités peuvent être développées.',3);
INSERT INTO questions (id,sub_domain_id,text_en,text_fr,sort_order) VALUES ('00000000-0000-0000-0004-000000000257','00000000-0000-0000-0003-000000000063','I am driven by creating value, not just making money.','Je suis motivé par la création de valeur, pas seulement par gagner de l''argent.',4);

INSERT INTO sub_domains (id,pillar_id,slug,name_en,name_fr,sort_order) VALUES ('00000000-0000-0000-0003-000000000064','00000000-0000-0000-0002-000000000016','self-leadership-discipline','Self-Leadership & Discipline','Self-Leadership & Discipline',2);
INSERT INTO questions (id,sub_domain_id,text_en,text_fr,sort_order) VALUES ('00000000-0000-0000-0004-000000000258','00000000-0000-0000-0003-000000000064','I have structured daily routines that drive productivity.','J''ai des routines quotidiennes structurées qui favorisent la productivité.',1);
INSERT INTO questions (id,sub_domain_id,text_en,text_fr,sort_order) VALUES ('00000000-0000-0000-0004-000000000259','00000000-0000-0000-0003-000000000064','I manage my time effectively and avoid chronic procrastination.','Je gère mon temps efficacement et évite la procrastination chronique.',2);
INSERT INTO questions (id,sub_domain_id,text_en,text_fr,sort_order) VALUES ('00000000-0000-0000-0004-000000000260','00000000-0000-0000-0003-000000000064','I can work independently without needing external motivation or supervision.','Je peux travailler de manière indépendante sans avoir besoin de motivation ou supervision externe.',3);
INSERT INTO questions (id,sub_domain_id,text_en,text_fr,sort_order) VALUES ('00000000-0000-0000-0004-000000000261','00000000-0000-0000-0003-000000000064','I maintain focus on priorities even when exciting distractions appear.','Je maintiens ma concentration sur les priorités même quand des distractions excitantes apparaissent.',4);
INSERT INTO questions (id,sub_domain_id,text_en,text_fr,sort_order) VALUES ('00000000-0000-0000-0004-000000000262','00000000-0000-0000-0003-000000000064','I take care of my physical and mental health as a business investment.','Je prends soin de ma santé physique et mentale comme un investissement dans mon entreprise.',5);

INSERT INTO sub_domains (id,pillar_id,slug,name_en,name_fr,sort_order) VALUES ('00000000-0000-0000-0003-000000000065','00000000-0000-0000-0002-000000000016','purpose-calling','Purpose & Calling','Purpose & Calling',3);
INSERT INTO questions (id,sub_domain_id,text_en,text_fr,sort_order) VALUES ('00000000-0000-0000-0004-000000000263','00000000-0000-0000-0003-000000000065','I can clearly articulate why I started this business beyond making money.','Je peux clairement articuler pourquoi j''ai créé cette entreprise au-delà de gagner de l''argent.',1);
INSERT INTO questions (id,sub_domain_id,text_en,text_fr,sort_order) VALUES ('00000000-0000-0000-0004-000000000264','00000000-0000-0000-0003-000000000065','My business aligns with my personal values and sense of purpose.','Mon entreprise est alignée avec mes valeurs personnelles et mon sens du but.',2);
INSERT INTO questions (id,sub_domain_id,text_en,text_fr,sort_order) VALUES ('00000000-0000-0000-0004-000000000265','00000000-0000-0000-0003-000000000065','I see my business as a vehicle for Kingdom impact and community transformation.','Je vois mon entreprise comme un véhicule d''impact pour le Royaume et la transformation communautaire.',3);
INSERT INTO questions (id,sub_domain_id,text_en,text_fr,sort_order) VALUES ('00000000-0000-0000-0004-000000000266','00000000-0000-0000-0003-000000000065','I would continue this work even if the financial rewards were modest.','Je continuerais ce travail même si les récompenses financières étaient modestes.',4);

INSERT INTO sub_domains (id,pillar_id,slug,name_en,name_fr,sort_order) VALUES ('00000000-0000-0000-0003-000000000066','00000000-0000-0000-0002-000000000016','resilience-mental-health','Resilience & Mental Health','Resilience & Mental Health',4);
INSERT INTO questions (id,sub_domain_id,text_en,text_fr,sort_order) VALUES ('00000000-0000-0000-0004-000000000267','00000000-0000-0000-0003-000000000066','I recover quickly from business setbacks and failures.','Je me remets rapidement des revers et échecs commerciaux.',1);
INSERT INTO questions (id,sub_domain_id,text_en,text_fr,sort_order) VALUES ('00000000-0000-0000-0004-000000000268','00000000-0000-0000-0003-000000000066','I have a support system (mentors, peers, family) that sustains me.','J''ai un système de soutien (mentors, pairs, famille) qui me soutient.',2);
INSERT INTO questions (id,sub_domain_id,text_en,text_fr,sort_order) VALUES ('00000000-0000-0000-0004-000000000269','00000000-0000-0000-0003-000000000066','I manage the loneliness and pressure of entrepreneurship in healthy ways.','Je gère la solitude et la pression de l''entrepreneuriat de manière saine.',3);
INSERT INTO questions (id,sub_domain_id,text_en,text_fr,sort_order) VALUES ('00000000-0000-0000-0004-000000000270','00000000-0000-0000-0003-000000000066','I know when to take a break and I actually do it.','Je sais quand prendre une pause et je le fais réellement.',4);


INSERT INTO pillars (id,track_id,slug,name_en,name_fr,description_en,description_fr,sort_order) VALUES ('00000000-0000-0000-0002-000000000017','00000000-0000-0000-0001-000000000004','business-foundations','Business Foundations','Business Foundations','The brutal truth about whether your business works','The brutal truth about whether your business works',2);
INSERT INTO sub_domains (id,pillar_id,slug,name_en,name_fr,sort_order) VALUES ('00000000-0000-0000-0003-000000000067','00000000-0000-0000-0002-000000000017','offer-clarity','Offer Clarity','Offer Clarity',1);
INSERT INTO questions (id,sub_domain_id,text_en,text_fr,sort_order) VALUES ('00000000-0000-0000-0004-000000000271','00000000-0000-0000-0003-000000000067','I can explain what my business does in one clear sentence.','Je peux expliquer ce que fait mon entreprise en une phrase claire.',1);
INSERT INTO questions (id,sub_domain_id,text_en,text_fr,sort_order) VALUES ('00000000-0000-0000-0004-000000000272','00000000-0000-0000-0003-000000000067','My ideal customer can immediately understand the value I provide.','Mon client idéal peut immédiatement comprendre la valeur que je fournis.',2);
INSERT INTO questions (id,sub_domain_id,text_en,text_fr,sort_order) VALUES ('00000000-0000-0000-0004-000000000273','00000000-0000-0000-0003-000000000067','I have a defined, focused product or service — not a confusing menu of options.','J''ai un produit ou service défini et ciblé — pas un menu confus d''options.',3);
INSERT INTO questions (id,sub_domain_id,text_en,text_fr,sort_order) VALUES ('00000000-0000-0000-0004-000000000274','00000000-0000-0000-0003-000000000067','I know exactly what problem I solve and for whom.','Je sais exactement quel problème je résous et pour qui.',4);

INSERT INTO sub_domains (id,pillar_id,slug,name_en,name_fr,sort_order) VALUES ('00000000-0000-0000-0003-000000000068','00000000-0000-0000-0002-000000000017','revenue-model-pricing','Revenue Model & Pricing','Revenue Model & Pricing',2);
INSERT INTO questions (id,sub_domain_id,text_en,text_fr,sort_order) VALUES ('00000000-0000-0000-0004-000000000275','00000000-0000-0000-0003-000000000068','I have a clear, documented revenue model that shows how I make money.','J''ai un modèle de revenus clair et documenté qui montre comment je gagne de l''argent.',1);
INSERT INTO questions (id,sub_domain_id,text_en,text_fr,sort_order) VALUES ('00000000-0000-0000-0004-000000000276','00000000-0000-0000-0003-000000000068','My pricing reflects the true value I deliver, not just what I think people can pay.','Ma tarification reflète la vraie valeur que je délivre, pas seulement ce que je pense que les gens peuvent payer.',2);
INSERT INTO questions (id,sub_domain_id,text_en,text_fr,sort_order) VALUES ('00000000-0000-0000-0004-000000000277','00000000-0000-0000-0003-000000000068','I have multiple revenue streams or a plan to develop them.','J''ai plusieurs sources de revenus ou un plan pour les développer.',3);
INSERT INTO questions (id,sub_domain_id,text_en,text_fr,sort_order) VALUES ('00000000-0000-0000-0004-000000000278','00000000-0000-0000-0003-000000000068','I review and adjust my pricing at least annually based on data.','Je révise et ajuste ma tarification au moins annuellement sur la base de données.',4);
INSERT INTO questions (id,sub_domain_id,text_en,text_fr,sort_order) VALUES ('00000000-0000-0000-0004-000000000279','00000000-0000-0000-0003-000000000068','I understand my unit economics — cost to deliver vs. revenue per customer.','Je comprends mon économie unitaire — coût de livraison vs revenu par client.',5);

INSERT INTO sub_domains (id,pillar_id,slug,name_en,name_fr,sort_order) VALUES ('00000000-0000-0000-0003-000000000069','00000000-0000-0000-0002-000000000017','market-positioning','Market Positioning','Market Positioning',3);
INSERT INTO questions (id,sub_domain_id,text_en,text_fr,sort_order) VALUES ('00000000-0000-0000-0004-000000000280','00000000-0000-0000-0003-000000000069','I know exactly who my target customer is and can describe them in detail.','Je sais exactement qui est mon client cible et peux le décrire en détail.',1);
INSERT INTO questions (id,sub_domain_id,text_en,text_fr,sort_order) VALUES ('00000000-0000-0000-0004-000000000281','00000000-0000-0000-0003-000000000069','I can clearly articulate why a customer should choose me over my competitors.','Je peux clairement articuler pourquoi un client devrait me choisir plutôt que mes concurrents.',2);
INSERT INTO questions (id,sub_domain_id,text_en,text_fr,sort_order) VALUES ('00000000-0000-0000-0004-000000000282','00000000-0000-0000-0003-000000000069','I have researched my market and know the competitive landscape.','J''ai étudié mon marché et connais le paysage concurrentiel.',3);
INSERT INTO questions (id,sub_domain_id,text_en,text_fr,sort_order) VALUES ('00000000-0000-0000-0004-000000000283','00000000-0000-0000-0003-000000000069','I have a unique selling proposition that differentiates my business.','J''ai une proposition de valeur unique qui différencie mon entreprise.',4);

INSERT INTO sub_domains (id,pillar_id,slug,name_en,name_fr,sort_order) VALUES ('00000000-0000-0000-0003-000000000070','00000000-0000-0000-0002-000000000017','legal-compliance','Legal & Compliance','Legal & Compliance',4);
INSERT INTO questions (id,sub_domain_id,text_en,text_fr,sort_order) VALUES ('00000000-0000-0000-0004-000000000284','00000000-0000-0000-0003-000000000070','My business is formally registered and compliant with local regulations.','Mon entreprise est formellement enregistrée et conforme aux réglementations locales.',1);
INSERT INTO questions (id,sub_domain_id,text_en,text_fr,sort_order) VALUES ('00000000-0000-0000-0004-000000000285','00000000-0000-0000-0003-000000000070','I have proper contracts, terms of service, and legal documentation.','J''ai des contrats, conditions de service et documentation juridique appropriés.',2);
INSERT INTO questions (id,sub_domain_id,text_en,text_fr,sort_order) VALUES ('00000000-0000-0000-0004-000000000286','00000000-0000-0000-0003-000000000070','I understand the tax obligations for my business and meet them.','Je comprends les obligations fiscales de mon entreprise et les respecte.',3);
INSERT INTO questions (id,sub_domain_id,text_en,text_fr,sort_order) VALUES ('00000000-0000-0000-0004-000000000287','00000000-0000-0000-0003-000000000070','I protect my intellectual property (trademarks, copyrights, patents where applicable).','Je protège ma propriété intellectuelle (marques, droits d''auteur, brevets le cas échéant).',4);


INSERT INTO pillars (id,track_id,slug,name_en,name_fr,description_en,description_fr,sort_order) VALUES ('00000000-0000-0000-0002-000000000018','00000000-0000-0000-0001-000000000004','execution-operations','Execution & Operations','Execution & Operations','Ideas are cheap — execution is everything','Ideas are cheap — execution is everything',3);
INSERT INTO sub_domains (id,pillar_id,slug,name_en,name_fr,sort_order) VALUES ('00000000-0000-0000-0003-000000000071','00000000-0000-0000-0002-000000000018','systems-processes','Systems & Processes','Systems & Processes',1);
INSERT INTO questions (id,sub_domain_id,text_en,text_fr,sort_order) VALUES ('00000000-0000-0000-0004-000000000288','00000000-0000-0000-0003-000000000071','I have documented standard operating procedures for key business activities.','J''ai des procédures opérationnelles standard documentées pour les activités clés de l''entreprise.',1);
INSERT INTO questions (id,sub_domain_id,text_en,text_fr,sort_order) VALUES ('00000000-0000-0000-0004-000000000289','00000000-0000-0000-0003-000000000071','My business can function for at least a week without my direct involvement.','Mon entreprise peut fonctionner pendant au moins une semaine sans mon implication directe.',2);
INSERT INTO questions (id,sub_domain_id,text_en,text_fr,sort_order) VALUES ('00000000-0000-0000-0004-000000000290','00000000-0000-0000-0003-000000000071','I use automation and tools to reduce repetitive manual work.','J''utilise l''automatisation et des outils pour réduire le travail manuel répétitif.',3);
INSERT INTO questions (id,sub_domain_id,text_en,text_fr,sort_order) VALUES ('00000000-0000-0000-0004-000000000291','00000000-0000-0000-0003-000000000071','I regularly review and improve my operational processes.','Je révise et améliore régulièrement mes processus opérationnels.',4);

INSERT INTO sub_domains (id,pillar_id,slug,name_en,name_fr,sort_order) VALUES ('00000000-0000-0000-0003-000000000072','00000000-0000-0000-0002-000000000018','product-service-delivery','Product/Service Delivery','Product/Service Delivery',2);
INSERT INTO questions (id,sub_domain_id,text_en,text_fr,sort_order) VALUES ('00000000-0000-0000-0004-000000000292','00000000-0000-0000-0003-000000000072','My customers consistently receive a high-quality experience.','Mes clients reçoivent constamment une expérience de haute qualité.',1);
INSERT INTO questions (id,sub_domain_id,text_en,text_fr,sort_order) VALUES ('00000000-0000-0000-0004-000000000293','00000000-0000-0000-0003-000000000072','I have a reliable delivery process that doesn''t depend entirely on me.','J''ai un processus de livraison fiable qui ne dépend pas entièrement de moi.',2);
INSERT INTO questions (id,sub_domain_id,text_en,text_fr,sort_order) VALUES ('00000000-0000-0000-0004-000000000294','00000000-0000-0000-0003-000000000072','I collect and act on customer feedback to improve my offerings.','Je collecte et agis sur les retours clients pour améliorer mes offres.',3);
INSERT INTO questions (id,sub_domain_id,text_en,text_fr,sort_order) VALUES ('00000000-0000-0000-0004-000000000295','00000000-0000-0000-0003-000000000072','I can handle an increase in demand without quality dropping significantly.','Je peux gérer une augmentation de la demande sans que la qualité ne baisse significativement.',4);

INSERT INTO sub_domains (id,pillar_id,slug,name_en,name_fr,sort_order) VALUES ('00000000-0000-0000-0003-000000000073','00000000-0000-0000-0002-000000000018','financial-management','Financial Management','Financial Management',3);
INSERT INTO questions (id,sub_domain_id,text_en,text_fr,sort_order) VALUES ('00000000-0000-0000-0004-000000000296','00000000-0000-0000-0003-000000000073','I separate my personal and business finances completely.','Je sépare complètement mes finances personnelles et professionnelles.',1);
INSERT INTO questions (id,sub_domain_id,text_en,text_fr,sort_order) VALUES ('00000000-0000-0000-0004-000000000297','00000000-0000-0000-0003-000000000073','I know my monthly cash flow — money in vs. money out — at all times.','Je connais ma trésorerie mensuelle — entrées vs sorties — à tout moment.',2);
INSERT INTO questions (id,sub_domain_id,text_en,text_fr,sort_order) VALUES ('00000000-0000-0000-0004-000000000298','00000000-0000-0000-0003-000000000073','I have a budget and I review my financial statements regularly.','J''ai un budget et je consulte mes états financiers régulièrement.',3);
INSERT INTO questions (id,sub_domain_id,text_en,text_fr,sort_order) VALUES ('00000000-0000-0000-0004-000000000299','00000000-0000-0000-0003-000000000073','I understand my profit margins and work to improve them.','Je comprends mes marges bénéficiaires et travaille à les améliorer.',4);
INSERT INTO questions (id,sub_domain_id,text_en,text_fr,sort_order) VALUES ('00000000-0000-0000-0004-000000000300','00000000-0000-0000-0003-000000000073','I plan for taxes, insurance, and unexpected expenses.','Je planifie les impôts, assurances et dépenses imprévues.',5);

INSERT INTO sub_domains (id,pillar_id,slug,name_en,name_fr,sort_order) VALUES ('00000000-0000-0000-0003-000000000074','00000000-0000-0000-0002-000000000018','technology-tools','Technology & Tools','Technology & Tools',4);
INSERT INTO questions (id,sub_domain_id,text_en,text_fr,sort_order) VALUES ('00000000-0000-0000-0004-000000000301','00000000-0000-0000-0003-000000000074','I use appropriate technology to run my business efficiently.','J''utilise la technologie appropriée pour gérer mon entreprise efficacement.',1);
INSERT INTO questions (id,sub_domain_id,text_en,text_fr,sort_order) VALUES ('00000000-0000-0000-0004-000000000302','00000000-0000-0000-0003-000000000074','I have a professional online presence (website, social media, email).','J''ai une présence en ligne professionnelle (site web, réseaux sociaux, email).',2);
INSERT INTO questions (id,sub_domain_id,text_en,text_fr,sort_order) VALUES ('00000000-0000-0000-0004-000000000303','00000000-0000-0000-0003-000000000074','I use a CRM or system to manage customer relationships.','J''utilise un CRM ou un système pour gérer les relations clients.',3);
INSERT INTO questions (id,sub_domain_id,text_en,text_fr,sort_order) VALUES ('00000000-0000-0000-0004-000000000304','00000000-0000-0000-0003-000000000074','I invest in tools that save time and improve quality.','J''investis dans des outils qui font gagner du temps et améliorent la qualité.',4);


INSERT INTO pillars (id,track_id,slug,name_en,name_fr,description_en,description_fr,sort_order) VALUES ('00000000-0000-0000-0002-000000000019','00000000-0000-0000-0001-000000000004','growth-sales','Growth & Sales','Growth & Sales','No sales = no business','No sales = no business',4);
INSERT INTO sub_domains (id,pillar_id,slug,name_en,name_fr,sort_order) VALUES ('00000000-0000-0000-0003-000000000075','00000000-0000-0000-0002-000000000019','sales-strategy-pipeline','Sales Strategy & Pipeline','Sales Strategy & Pipeline',1);
INSERT INTO questions (id,sub_domain_id,text_en,text_fr,sort_order) VALUES ('00000000-0000-0000-0004-000000000305','00000000-0000-0000-0003-000000000075','I have a defined sales process from lead to close.','J''ai un processus de vente défini du prospect à la conclusion.',1);
INSERT INTO questions (id,sub_domain_id,text_en,text_fr,sort_order) VALUES ('00000000-0000-0000-0004-000000000306','00000000-0000-0000-0003-000000000075','I consistently generate new leads and don''t rely on one source of business.','Je génère constamment de nouveaux prospects et ne dépends pas d''une seule source de business.',2);
INSERT INTO questions (id,sub_domain_id,text_en,text_fr,sort_order) VALUES ('00000000-0000-0000-0004-000000000307','00000000-0000-0000-0003-000000000075','I follow up on prospects systematically rather than sporadically.','Je fais le suivi des prospects de manière systématique plutôt que sporadique.',3);
INSERT INTO questions (id,sub_domain_id,text_en,text_fr,sort_order) VALUES ('00000000-0000-0000-0004-000000000308','00000000-0000-0000-0003-000000000075','I can sell my product or service with confidence and without feeling ''salesy''.','Je peux vendre mon produit ou service avec confiance sans me sentir ''vendeur''.',4);
INSERT INTO questions (id,sub_domain_id,text_en,text_fr,sort_order) VALUES ('00000000-0000-0000-0004-000000000309','00000000-0000-0000-0003-000000000075','I track my sales metrics — conversion rates, average deal size, sales cycle.','Je suis mes métriques de vente — taux de conversion, taille moyenne de transaction, cycle de vente.',5);

INSERT INTO sub_domains (id,pillar_id,slug,name_en,name_fr,sort_order) VALUES ('00000000-0000-0000-0003-000000000076','00000000-0000-0000-0002-000000000019','marketing-brand','Marketing & Brand','Marketing & Brand',2);
INSERT INTO questions (id,sub_domain_id,text_en,text_fr,sort_order) VALUES ('00000000-0000-0000-0004-000000000310','00000000-0000-0000-0003-000000000076','I have a clear, consistent brand identity (visual, voice, values).','J''ai une identité de marque claire et cohérente (visuelle, voix, valeurs).',1);
INSERT INTO questions (id,sub_domain_id,text_en,text_fr,sort_order) VALUES ('00000000-0000-0000-0004-000000000311','00000000-0000-0000-0003-000000000076','I create valuable content that attracts my ideal customers.','Je crée du contenu de valeur qui attire mes clients idéaux.',2);
INSERT INTO questions (id,sub_domain_id,text_en,text_fr,sort_order) VALUES ('00000000-0000-0000-0004-000000000312','00000000-0000-0000-0003-000000000076','I invest in marketing consistently, not just when sales are down.','J''investis dans le marketing de manière constante, pas seulement quand les ventes baissent.',3);
INSERT INTO questions (id,sub_domain_id,text_en,text_fr,sort_order) VALUES ('00000000-0000-0000-0004-000000000313','00000000-0000-0000-0003-000000000076','I know which marketing channels give me the best return on investment.','Je sais quels canaux marketing me donnent le meilleur retour sur investissement.',4);

INSERT INTO sub_domains (id,pillar_id,slug,name_en,name_fr,sort_order) VALUES ('00000000-0000-0000-0003-000000000077','00000000-0000-0000-0002-000000000019','customer-retention','Customer Retention','Customer Retention',3);
INSERT INTO questions (id,sub_domain_id,text_en,text_fr,sort_order) VALUES ('00000000-0000-0000-0004-000000000314','00000000-0000-0000-0003-000000000077','I have a strategy for keeping existing customers and increasing their lifetime value.','J''ai une stratégie pour garder les clients existants et augmenter leur valeur à vie.',1);
INSERT INTO questions (id,sub_domain_id,text_en,text_fr,sort_order) VALUES ('00000000-0000-0000-0004-000000000315','00000000-0000-0000-0003-000000000077','I actively seek referrals from satisfied customers.','Je recherche activement des recommandations de clients satisfaits.',2);
INSERT INTO questions (id,sub_domain_id,text_en,text_fr,sort_order) VALUES ('00000000-0000-0000-0004-000000000316','00000000-0000-0000-0003-000000000077','I resolve customer complaints quickly and professionally.','Je résous les plaintes clients rapidement et professionnellement.',3);
INSERT INTO questions (id,sub_domain_id,text_en,text_fr,sort_order) VALUES ('00000000-0000-0000-0004-000000000317','00000000-0000-0000-0003-000000000077','I nurture customer relationships beyond the initial transaction.','Je nourris les relations clients au-delà de la transaction initiale.',4);

INSERT INTO sub_domains (id,pillar_id,slug,name_en,name_fr,sort_order) VALUES ('00000000-0000-0000-0003-000000000078','00000000-0000-0000-0002-000000000019','partnerships-networking','Partnerships & Networking','Partnerships & Networking',4);
INSERT INTO questions (id,sub_domain_id,text_en,text_fr,sort_order) VALUES ('00000000-0000-0000-0004-000000000318','00000000-0000-0000-0003-000000000078','I actively build strategic partnerships that open new opportunities.','Je construis activement des partenariats stratégiques qui ouvrent de nouvelles opportunités.',1);
INSERT INTO questions (id,sub_domain_id,text_en,text_fr,sort_order) VALUES ('00000000-0000-0000-0004-000000000319','00000000-0000-0000-0003-000000000078','I attend events, join communities, and build relationships intentionally.','Je participe à des événements, rejoins des communautés et construis des relations intentionnellement.',2);
INSERT INTO questions (id,sub_domain_id,text_en,text_fr,sort_order) VALUES ('00000000-0000-0000-0004-000000000320','00000000-0000-0000-0003-000000000078','I have collaborations that multiply my reach without multiplying my costs.','J''ai des collaborations qui multiplient ma portée sans multiplier mes coûts.',3);
INSERT INTO questions (id,sub_domain_id,text_en,text_fr,sort_order) VALUES ('00000000-0000-0000-0004-000000000321','00000000-0000-0000-0003-000000000078','I give value to my network, not just extract from it.','J''apporte de la valeur à mon réseau, pas seulement j''en extrais.',4);

INSERT INTO sub_domains (id,pillar_id,slug,name_en,name_fr,sort_order) VALUES ('00000000-0000-0000-0003-000000000079','00000000-0000-0000-0002-000000000019','scaling-expansion','Scaling & Expansion','Scaling & Expansion',5);
INSERT INTO questions (id,sub_domain_id,text_en,text_fr,sort_order) VALUES ('00000000-0000-0000-0004-000000000322','00000000-0000-0000-0003-000000000079','I have a clear plan for scaling my business to the next level.','J''ai un plan clair pour faire évoluer mon entreprise au niveau suivant.',1);
INSERT INTO questions (id,sub_domain_id,text_en,text_fr,sort_order) VALUES ('00000000-0000-0000-0004-000000000323','00000000-0000-0000-0003-000000000079','I have identified what needs to change for my business to grow 10x.','J''ai identifié ce qui doit changer pour que mon entreprise croisse 10 fois.',2);
INSERT INTO questions (id,sub_domain_id,text_en,text_fr,sort_order) VALUES ('00000000-0000-0000-0004-000000000324','00000000-0000-0000-0003-000000000079','I am willing to let go of tasks and roles to focus on growth leadership.','Je suis prêt à lâcher des tâches et des rôles pour me concentrer sur le leadership de croissance.',3);
INSERT INTO questions (id,sub_domain_id,text_en,text_fr,sort_order) VALUES ('00000000-0000-0000-0004-000000000325','00000000-0000-0000-0003-000000000079','I think regionally or globally, not just locally.','Je pense régionalement ou mondialement, pas seulement localement.',4);


INSERT INTO pillars (id,track_id,slug,name_en,name_fr,description_en,description_fr,sort_order) VALUES ('00000000-0000-0000-0002-000000000020','00000000-0000-0000-0001-000000000004','stewardship-impact','Stewardship & Impact','Stewardship & Impact','Kingdom entrepreneurship is about more than profit','Kingdom entrepreneurship is about more than profit',5);
INSERT INTO sub_domains (id,pillar_id,slug,name_en,name_fr,sort_order) VALUES ('00000000-0000-0000-0003-000000000080','00000000-0000-0000-0002-000000000020','financial-stewardship','Financial Stewardship','Financial Stewardship',1);
INSERT INTO questions (id,sub_domain_id,text_en,text_fr,sort_order) VALUES ('00000000-0000-0000-0004-000000000326','00000000-0000-0000-0003-000000000080','I practise generosity and tithing as a business owner.','Je pratique la générosité et la dîme en tant que propriétaire d''entreprise.',1);
INSERT INTO questions (id,sub_domain_id,text_en,text_fr,sort_order) VALUES ('00000000-0000-0000-0004-000000000327','00000000-0000-0000-0003-000000000080','I pursue ethical profit — I won''t compromise integrity for revenue.','Je poursuis un profit éthique — je ne compromets pas l''intégrité pour le revenu.',2);
INSERT INTO questions (id,sub_domain_id,text_en,text_fr,sort_order) VALUES ('00000000-0000-0000-0004-000000000328','00000000-0000-0000-0003-000000000080','I reinvest in my business strategically rather than extracting all profits.','Je réinvestis stratégiquement dans mon entreprise plutôt que d''extraire tous les bénéfices.',3);
INSERT INTO questions (id,sub_domain_id,text_en,text_fr,sort_order) VALUES ('00000000-0000-0000-0004-000000000329','00000000-0000-0000-0003-000000000080','I view my business resources as entrusted to me, not just owned by me.','Je considère les ressources de mon entreprise comme confiées à moi, pas seulement possédées par moi.',4);

INSERT INTO sub_domains (id,pillar_id,slug,name_en,name_fr,sort_order) VALUES ('00000000-0000-0000-0003-000000000081','00000000-0000-0000-0002-000000000020','team-culture-building','Team & Culture Building','Team & Culture Building',2);
INSERT INTO questions (id,sub_domain_id,text_en,text_fr,sort_order) VALUES ('00000000-0000-0000-0004-000000000330','00000000-0000-0000-0003-000000000081','I invest in hiring the right people and developing them.','J''investis dans le recrutement des bonnes personnes et leur développement.',1);
INSERT INTO questions (id,sub_domain_id,text_en,text_fr,sort_order) VALUES ('00000000-0000-0000-0004-000000000331','00000000-0000-0000-0003-000000000081','My team members feel valued, not just used.','Les membres de mon équipe se sentent valorisés, pas seulement utilisés.',2);
INSERT INTO questions (id,sub_domain_id,text_en,text_fr,sort_order) VALUES ('00000000-0000-0000-0004-000000000332','00000000-0000-0000-0003-000000000081','I have created a workplace culture aligned with my values.','J''ai créé une culture d''entreprise alignée avec mes valeurs.',3);
INSERT INTO questions (id,sub_domain_id,text_en,text_fr,sort_order) VALUES ('00000000-0000-0000-0004-000000000333','00000000-0000-0000-0003-000000000081','I lead my team with clear expectations, fair compensation, and genuine care.','Je dirige mon équipe avec des attentes claires, une rémunération juste et une attention sincère.',4);

INSERT INTO sub_domains (id,pillar_id,slug,name_en,name_fr,sort_order) VALUES ('00000000-0000-0000-0003-000000000082','00000000-0000-0000-0002-000000000020','social-impact','Social Impact','Social Impact',3);
INSERT INTO questions (id,sub_domain_id,text_en,text_fr,sort_order) VALUES ('00000000-0000-0000-0004-000000000334','00000000-0000-0000-0003-000000000082','My business positively impacts the community beyond just employment.','Mon entreprise a un impact positif sur la communauté au-delà de l''emploi.',1);
INSERT INTO questions (id,sub_domain_id,text_en,text_fr,sort_order) VALUES ('00000000-0000-0000-0004-000000000335','00000000-0000-0000-0003-000000000082','I intentionally create opportunities for underserved or marginalised people.','Je crée intentionnellement des opportunités pour les personnes défavorisées ou marginalisées.',2);
INSERT INTO questions (id,sub_domain_id,text_en,text_fr,sort_order) VALUES ('00000000-0000-0000-0004-000000000336','00000000-0000-0000-0003-000000000082','I consider the environmental and social effects of my business decisions.','Je considère les effets environnementaux et sociaux de mes décisions commerciales.',3);
INSERT INTO questions (id,sub_domain_id,text_en,text_fr,sort_order) VALUES ('00000000-0000-0000-0004-000000000337','00000000-0000-0000-0003-000000000082','I use my platform and profits to contribute to causes I believe in.','J''utilise ma plateforme et mes profits pour contribuer à des causes auxquelles je crois.',4);

INSERT INTO sub_domains (id,pillar_id,slug,name_en,name_fr,sort_order) VALUES ('00000000-0000-0000-0003-000000000083','00000000-0000-0000-0002-000000000020','succession-exit-strategy','Succession & Exit Strategy','Succession & Exit Strategy',4);
INSERT INTO questions (id,sub_domain_id,text_en,text_fr,sort_order) VALUES ('00000000-0000-0000-0004-000000000338','00000000-0000-0000-0003-000000000083','I am building a business that could function without me.','Je construis une entreprise qui pourrait fonctionner sans moi.',1);
INSERT INTO questions (id,sub_domain_id,text_en,text_fr,sort_order) VALUES ('00000000-0000-0000-0004-000000000339','00000000-0000-0000-0003-000000000083','I have thought about my long-term exit — sale, succession, or transition.','J''ai réfléchi à ma sortie à long terme — vente, succession ou transition.',2);
INSERT INTO questions (id,sub_domain_id,text_en,text_fr,sort_order) VALUES ('00000000-0000-0000-0004-000000000340','00000000-0000-0000-0003-000000000083','I document my knowledge and processes so others can carry them forward.','Je documente mes connaissances et processus pour que d''autres puissent les reprendre.',3);
INSERT INTO questions (id,sub_domain_id,text_en,text_fr,sort_order) VALUES ('00000000-0000-0000-0004-000000000341','00000000-0000-0000-0003-000000000083','I am developing leaders within my business who could take over key roles.','Je développe des leaders au sein de mon entreprise qui pourraient reprendre des rôles clés.',4);


-- ═══ TRACK 5: PERSONAL DEVELOPMENT ═══
INSERT INTO tracks (id,slug,name_en,name_fr,description_en,description_fr,icon,color,sort_order) VALUES ('00000000-0000-0000-0001-000000000005','personal','Personal Development','Développement Personnel','The entry-level discovery track. 5 foundational Pillars, 23 dimensions that reveal your strengths and graduate you into specialised tracks.','Le parcours découverte. 5 Piliers fondamentaux, 23 dimensions qui révèlent vos forces.','sprout','#059669',5);

INSERT INTO pillars (id,track_id,slug,name_en,name_fr,description_en,description_fr,sort_order) VALUES ('00000000-0000-0000-0002-000000000021','00000000-0000-0000-0001-000000000005','self-discovery','Self-Discovery','Self-Discovery','The starting point for all growth','The starting point for all growth',1);
INSERT INTO sub_domains (id,pillar_id,slug,name_en,name_fr,sort_order) VALUES ('00000000-0000-0000-0003-000000000084','00000000-0000-0000-0002-000000000021','identity-self-worth','Identity & Self-Worth','Identity & Self-Worth',1);
INSERT INTO questions (id,sub_domain_id,text_en,text_fr,sort_order) VALUES ('00000000-0000-0000-0004-000000000342','00000000-0000-0000-0003-000000000084','I have a healthy, grounded sense of who I am — independent of titles or opinions.','J''ai un sens sain et ancré de qui je suis — indépendant des titres ou des opinions.',1);
INSERT INTO questions (id,sub_domain_id,text_en,text_fr,sort_order) VALUES ('00000000-0000-0000-0004-000000000343','00000000-0000-0000-0003-000000000084','I do not define my worth by my achievements, appearance, or what others think of me.','Je ne définis pas ma valeur par mes réalisations, mon apparence ou ce que les autres pensent de moi.',2);
INSERT INTO questions (id,sub_domain_id,text_en,text_fr,sort_order) VALUES ('00000000-0000-0000-0004-000000000344','00000000-0000-0000-0003-000000000084','I can name what makes me unique and valuable without arrogance.','Je peux nommer ce qui me rend unique et précieux sans arrogance.',3);
INSERT INTO questions (id,sub_domain_id,text_en,text_fr,sort_order) VALUES ('00000000-0000-0000-0004-000000000345','00000000-0000-0000-0003-000000000084','I am comfortable in my own skin and don''t feel the need to perform for acceptance.','Je suis à l''aise dans ma propre peau et ne ressens pas le besoin de performer pour être accepté.',4);

INSERT INTO sub_domains (id,pillar_id,slug,name_en,name_fr,sort_order) VALUES ('00000000-0000-0000-0003-000000000085','00000000-0000-0000-0002-000000000021','personality-strengths','Personality & Strengths','Personality & Strengths',2);
INSERT INTO questions (id,sub_domain_id,text_en,text_fr,sort_order) VALUES ('00000000-0000-0000-0004-000000000346','00000000-0000-0000-0003-000000000085','I know my personality type and understand how it affects my behaviour.','Je connais mon type de personnalité et comprends comment il affecte mon comportement.',1);
INSERT INTO questions (id,sub_domain_id,text_en,text_fr,sort_order) VALUES ('00000000-0000-0000-0004-000000000347','00000000-0000-0000-0003-000000000085','I can name my top strengths and I actively use them in my daily life.','Je peux nommer mes principales forces et je les utilise activement dans ma vie quotidienne.',2);
INSERT INTO questions (id,sub_domain_id,text_en,text_fr,sort_order) VALUES ('00000000-0000-0000-0004-000000000348','00000000-0000-0000-0003-000000000085','I understand my weaknesses and manage them rather than pretending they don''t exist.','Je comprends mes faiblesses et les gère plutôt que de prétendre qu''elles n''existent pas.',3);
INSERT INTO questions (id,sub_domain_id,text_en,text_fr,sort_order) VALUES ('00000000-0000-0000-0004-000000000349','00000000-0000-0000-0003-000000000085','I have taken at least one formal assessment (personality, strengths, or gifts).','J''ai passé au moins un test formel (personnalité, forces ou dons).',4);

INSERT INTO sub_domains (id,pillar_id,slug,name_en,name_fr,sort_order) VALUES ('00000000-0000-0000-0003-000000000086','00000000-0000-0000-0002-000000000021','values-beliefs','Values & Beliefs','Values & Beliefs',3);
INSERT INTO questions (id,sub_domain_id,text_en,text_fr,sort_order) VALUES ('00000000-0000-0000-0004-000000000350','00000000-0000-0000-0003-000000000086','I can clearly articulate my top 5 core values.','Je peux clairement articuler mes 5 valeurs fondamentales.',1);
INSERT INTO questions (id,sub_domain_id,text_en,text_fr,sort_order) VALUES ('00000000-0000-0000-0004-000000000351','00000000-0000-0000-0003-000000000086','My daily decisions and actions are aligned with my stated values.','Mes décisions et actions quotidiennes sont alignées avec mes valeurs déclarées.',2);
INSERT INTO questions (id,sub_domain_id,text_en,text_fr,sort_order) VALUES ('00000000-0000-0000-0004-000000000352','00000000-0000-0000-0003-000000000086','I have examined my beliefs critically rather than simply inheriting them.','J''ai examiné mes croyances de manière critique plutôt que de simplement les hériter.',3);
INSERT INTO questions (id,sub_domain_id,text_en,text_fr,sort_order) VALUES ('00000000-0000-0000-0004-000000000353','00000000-0000-0000-0003-000000000086','When my actions conflict with my values, I notice and correct course.','Quand mes actions entrent en conflit avec mes valeurs, je le remarque et je corrige le cap.',4);

INSERT INTO sub_domains (id,pillar_id,slug,name_en,name_fr,sort_order) VALUES ('00000000-0000-0000-0003-000000000087','00000000-0000-0000-0002-000000000021','purpose-calling','Purpose & Calling','Purpose & Calling',4);
INSERT INTO questions (id,sub_domain_id,text_en,text_fr,sort_order) VALUES ('00000000-0000-0000-0004-000000000354','00000000-0000-0000-0003-000000000087','I have a sense of purpose — I know why I''m here.','J''ai un sens du but — je sais pourquoi je suis ici.',1);
INSERT INTO questions (id,sub_domain_id,text_en,text_fr,sort_order) VALUES ('00000000-0000-0000-0004-000000000355','00000000-0000-0000-0003-000000000087','I can connect my daily activities to a bigger picture or mission.','Je peux relier mes activités quotidiennes à une mission ou un objectif plus grand.',2);
INSERT INTO questions (id,sub_domain_id,text_en,text_fr,sort_order) VALUES ('00000000-0000-0000-0004-000000000356','00000000-0000-0000-0003-000000000087','I feel energised and alive when I am operating in my purpose.','Je me sens énergisé et vivant quand j''opère dans mon but.',3);
INSERT INTO questions (id,sub_domain_id,text_en,text_fr,sort_order) VALUES ('00000000-0000-0000-0004-000000000357','00000000-0000-0000-0003-000000000087','I am actively pursuing my calling, not just waiting for it to find me.','Je poursuis activement mon appel, pas seulement en attendant qu''il me trouve.',4);
INSERT INTO questions (id,sub_domain_id,text_en,text_fr,sort_order) VALUES ('00000000-0000-0000-0004-000000000358','00000000-0000-0000-0003-000000000087','I can distinguish between what I''m good at and what I''m called to.','Je peux distinguer entre ce dans quoi je suis doué et ce pour quoi je suis appelé.',5);


INSERT INTO pillars (id,track_id,slug,name_en,name_fr,description_en,description_fr,sort_order) VALUES ('00000000-0000-0000-0002-000000000022','00000000-0000-0000-0001-000000000005','inner-healing','Inner Healing','Inner Healing','You can''t build a new life on unhealed foundations','You can''t build a new life on unhealed foundations',2);
INSERT INTO sub_domains (id,pillar_id,slug,name_en,name_fr,sort_order) VALUES ('00000000-0000-0000-0003-000000000088','00000000-0000-0000-0002-000000000022','identifying-past-wounds','Identifying Past Wounds','Identifying Past Wounds',1);
INSERT INTO questions (id,sub_domain_id,text_en,text_fr,sort_order) VALUES ('00000000-0000-0000-0004-000000000359','00000000-0000-0000-0003-000000000088','I am aware of specific past experiences that still affect me emotionally today.','Je suis conscient d''expériences passées spécifiques qui m''affectent encore émotionnellement aujourd''hui.',1);
INSERT INTO questions (id,sub_domain_id,text_en,text_fr,sort_order) VALUES ('00000000-0000-0000-0004-000000000360','00000000-0000-0000-0003-000000000088','I can identify patterns in my life (relationships, reactions, fears) linked to past pain.','Je peux identifier des schémas dans ma vie (relations, réactions, peurs) liés à des douleurs passées.',2);
INSERT INTO questions (id,sub_domain_id,text_en,text_fr,sort_order) VALUES ('00000000-0000-0000-0004-000000000361','00000000-0000-0000-0003-000000000088','I have reflected on how my childhood and upbringing shaped my current behaviours.','J''ai réfléchi à la façon dont mon enfance et mon éducation ont façonné mes comportements actuels.',3);
INSERT INTO questions (id,sub_domain_id,text_en,text_fr,sort_order) VALUES ('00000000-0000-0000-0004-000000000362','00000000-0000-0000-0003-000000000088','I recognise when I am reacting from a wounded place rather than a whole place.','Je reconnais quand je réagis d''un lieu blessé plutôt que d''un lieu sain.',4);

INSERT INTO sub_domains (id,pillar_id,slug,name_en,name_fr,sort_order) VALUES ('00000000-0000-0000-0003-000000000089','00000000-0000-0000-0002-000000000022','forgiveness-release','Forgiveness & Release','Forgiveness & Release',2);
INSERT INTO questions (id,sub_domain_id,text_en,text_fr,sort_order) VALUES ('00000000-0000-0000-0004-000000000363','00000000-0000-0000-0003-000000000089','I have forgiven those who have hurt me, even if I haven''t forgotten.','J''ai pardonné à ceux qui m''ont blessé, même si je n''ai pas oublié.',1);
INSERT INTO questions (id,sub_domain_id,text_en,text_fr,sort_order) VALUES ('00000000-0000-0000-0004-000000000364','00000000-0000-0000-0003-000000000089','I do not carry active bitterness or resentment toward specific people.','Je ne porte pas d''amertume ou de ressentiment actif envers des personnes spécifiques.',2);
INSERT INTO questions (id,sub_domain_id,text_en,text_fr,sort_order) VALUES ('00000000-0000-0000-0004-000000000365','00000000-0000-0000-0003-000000000089','I have released the need for revenge, vindication, or an apology I may never receive.','J''ai renoncé au besoin de vengeance, de justification ou d''excuses que je ne recevrai peut-être jamais.',3);
INSERT INTO questions (id,sub_domain_id,text_en,text_fr,sort_order) VALUES ('00000000-0000-0000-0004-000000000366','00000000-0000-0000-0003-000000000089','I practise forgiveness as a choice, not a feeling.','Je pratique le pardon comme un choix, pas un sentiment.',4);

INSERT INTO sub_domains (id,pillar_id,slug,name_en,name_fr,sort_order) VALUES ('00000000-0000-0000-0003-000000000090','00000000-0000-0000-0002-000000000022','overcoming-shame-rejection','Overcoming Shame & Rejection','Overcoming Shame & Rejection',3);
INSERT INTO questions (id,sub_domain_id,text_en,text_fr,sort_order) VALUES ('00000000-0000-0000-0004-000000000367','00000000-0000-0000-0003-000000000090','I do not carry a deep sense of shame about who I am.','Je ne porte pas un sentiment profond de honte sur qui je suis.',1);
INSERT INTO questions (id,sub_domain_id,text_en,text_fr,sort_order) VALUES ('00000000-0000-0000-0004-000000000368','00000000-0000-0000-0003-000000000090','Rejection from others does not devastate me or define my self-image.','Le rejet des autres ne me dévaste pas et ne définit pas mon image de moi.',2);
INSERT INTO questions (id,sub_domain_id,text_en,text_fr,sort_order) VALUES ('00000000-0000-0000-0004-000000000369','00000000-0000-0000-0003-000000000090','I can distinguish between guilt (I did something wrong) and shame (I am something wrong).','Je peux distinguer entre la culpabilité (j''ai fait quelque chose de mal) et la honte (je suis quelque chose de mal).',3);
INSERT INTO questions (id,sub_domain_id,text_en,text_fr,sort_order) VALUES ('00000000-0000-0000-0004-000000000370','00000000-0000-0000-0003-000000000090','I have experienced healing or freedom from specific shame-based narratives.','J''ai vécu une guérison ou une libération de récits basés sur la honte.',4);

INSERT INTO sub_domains (id,pillar_id,slug,name_en,name_fr,sort_order) VALUES ('00000000-0000-0000-0003-000000000091','00000000-0000-0000-0002-000000000022','breaking-unhealthy-patterns','Breaking Unhealthy Patterns','Breaking Unhealthy Patterns',4);
INSERT INTO questions (id,sub_domain_id,text_en,text_fr,sort_order) VALUES ('00000000-0000-0000-0004-000000000371','00000000-0000-0000-0003-000000000091','I have identified recurring negative patterns in my life (addictions, toxic relationships, self-sabotage).','J''ai identifié des schémas négatifs récurrents dans ma vie (addictions, relations toxiques, auto-sabotage).',1);
INSERT INTO questions (id,sub_domain_id,text_en,text_fr,sort_order) VALUES ('00000000-0000-0000-0004-000000000372','00000000-0000-0000-0003-000000000091','I am actively working to break at least one destructive cycle.','Je travaille activement à briser au moins un cycle destructeur.',2);
INSERT INTO questions (id,sub_domain_id,text_en,text_fr,sort_order) VALUES ('00000000-0000-0000-0004-000000000373','00000000-0000-0000-0003-000000000091','I understand the root causes behind my unhealthy coping mechanisms.','Je comprends les causes profondes de mes mécanismes d''adaptation malsains.',3);
INSERT INTO questions (id,sub_domain_id,text_en,text_fr,sort_order) VALUES ('00000000-0000-0000-0004-000000000374','00000000-0000-0000-0003-000000000091','I have replaced at least one unhealthy habit with a healthy alternative.','J''ai remplacé au moins une habitude malsaine par une alternative saine.',4);

INSERT INTO sub_domains (id,pillar_id,slug,name_en,name_fr,sort_order) VALUES ('00000000-0000-0000-0003-000000000092','00000000-0000-0000-0002-000000000022','restoration-wholeness','Restoration & Wholeness','Restoration & Wholeness',5);
INSERT INTO questions (id,sub_domain_id,text_en,text_fr,sort_order) VALUES ('00000000-0000-0000-0004-000000000375','00000000-0000-0000-0003-000000000092','I feel like I am moving from surviving to thriving.','Je sens que je passe de la survie à l''épanouissement.',1);
INSERT INTO questions (id,sub_domain_id,text_en,text_fr,sort_order) VALUES ('00000000-0000-0000-0004-000000000376','00000000-0000-0000-0003-000000000092','I experience inner peace and emotional stability most of the time.','J''éprouve une paix intérieure et une stabilité émotionnelle la plupart du temps.',2);
INSERT INTO questions (id,sub_domain_id,text_en,text_fr,sort_order) VALUES ('00000000-0000-0000-0004-000000000377','00000000-0000-0000-0003-000000000092','I can talk about my past without being overwhelmed by it.','Je peux parler de mon passé sans en être submergé.',3);
INSERT INTO questions (id,sub_domain_id,text_en,text_fr,sort_order) VALUES ('00000000-0000-0000-0004-000000000378','00000000-0000-0000-0003-000000000092','I am becoming the person I was created to be — healed, whole, and free.','Je deviens la personne que j''ai été créé pour être — guéri, entier et libre.',4);


INSERT INTO pillars (id,track_id,slug,name_en,name_fr,description_en,description_fr,sort_order) VALUES ('00000000-0000-0000-0002-000000000023','00000000-0000-0000-0001-000000000005','whole-person-health','Whole-Person Health','Whole-Person Health','An integrated system — one affects all','An integrated system — one affects all',3);
INSERT INTO sub_domains (id,pillar_id,slug,name_en,name_fr,sort_order) VALUES ('00000000-0000-0000-0003-000000000093','00000000-0000-0000-0002-000000000023','spiritual-life','Spiritual Life','Spiritual Life',1);
INSERT INTO questions (id,sub_domain_id,text_en,text_fr,sort_order) VALUES ('00000000-0000-0000-0004-000000000379','00000000-0000-0000-0003-000000000093','I have a consistent spiritual practice (prayer, meditation, worship) that nourishes me.','J''ai une pratique spirituelle cohérente (prière, méditation, adoration) qui me nourrit.',1);
INSERT INTO questions (id,sub_domain_id,text_en,text_fr,sort_order) VALUES ('00000000-0000-0000-0004-000000000380','00000000-0000-0000-0003-000000000093','I experience genuine peace and connection in my spiritual life.','J''éprouve une paix et une connexion véritables dans ma vie spirituelle.',2);
INSERT INTO questions (id,sub_domain_id,text_en,text_fr,sort_order) VALUES ('00000000-0000-0000-0004-000000000381','00000000-0000-0000-0003-000000000093','My faith positively influences my decisions and relationships.','Ma foi influence positivement mes décisions et mes relations.',3);
INSERT INTO questions (id,sub_domain_id,text_en,text_fr,sort_order) VALUES ('00000000-0000-0000-0004-000000000382','00000000-0000-0000-0003-000000000093','I am growing spiritually — I am not stagnant or going through the motions.','Je grandis spirituellement — je ne stagne pas et ne fais pas que suivre les mouvements.',4);

INSERT INTO sub_domains (id,pillar_id,slug,name_en,name_fr,sort_order) VALUES ('00000000-0000-0000-0003-000000000094','00000000-0000-0000-0002-000000000023','emotional-health','Emotional Health','Emotional Health',2);
INSERT INTO questions (id,sub_domain_id,text_en,text_fr,sort_order) VALUES ('00000000-0000-0000-0004-000000000383','00000000-0000-0000-0003-000000000094','I am aware of my emotions and can name what I''m feeling in the moment.','Je suis conscient de mes émotions et peux nommer ce que je ressens sur le moment.',1);
INSERT INTO questions (id,sub_domain_id,text_en,text_fr,sort_order) VALUES ('00000000-0000-0000-0004-000000000384','00000000-0000-0000-0003-000000000094','I process difficult emotions rather than suppressing or exploding with them.','Je traite les émotions difficiles plutôt que de les supprimer ou d''exploser avec elles.',2);
INSERT INTO questions (id,sub_domain_id,text_en,text_fr,sort_order) VALUES ('00000000-0000-0000-0004-000000000385','00000000-0000-0000-0003-000000000094','I have healthy outlets for stress, sadness, and frustration.','J''ai des exutoires sains pour le stress, la tristesse et la frustration.',3);
INSERT INTO questions (id,sub_domain_id,text_en,text_fr,sort_order) VALUES ('00000000-0000-0000-0004-000000000386','00000000-0000-0000-0003-000000000094','I can experience joy, gratitude, and contentment regularly.','Je peux éprouver de la joie, de la gratitude et du contentement régulièrement.',4);

INSERT INTO sub_domains (id,pillar_id,slug,name_en,name_fr,sort_order) VALUES ('00000000-0000-0000-0003-000000000095','00000000-0000-0000-0002-000000000023','mental-wellness','Mental Wellness','Mental Wellness',3);
INSERT INTO questions (id,sub_domain_id,text_en,text_fr,sort_order) VALUES ('00000000-0000-0000-0004-000000000387','00000000-0000-0000-0003-000000000095','My thought patterns are generally healthy and constructive.','Mes schémas de pensée sont généralement sains et constructifs.',1);
INSERT INTO questions (id,sub_domain_id,text_en,text_fr,sort_order) VALUES ('00000000-0000-0000-0004-000000000388','00000000-0000-0000-0003-000000000095','I manage anxiety and worry effectively rather than being controlled by them.','Je gère l''anxiété et l''inquiétude efficacement plutôt que d''être contrôlé par elles.',2);
INSERT INTO questions (id,sub_domain_id,text_en,text_fr,sort_order) VALUES ('00000000-0000-0000-0004-000000000389','00000000-0000-0000-0003-000000000095','I can focus and think clearly without chronic mental fog or overwhelm.','Je peux me concentrer et penser clairement sans brouillard mental chronique ou surcharge.',3);
INSERT INTO questions (id,sub_domain_id,text_en,text_fr,sort_order) VALUES ('00000000-0000-0000-0004-000000000390','00000000-0000-0000-0003-000000000095','I would seek professional help if my mental health needed it, without stigma.','Je chercherais une aide professionnelle si ma santé mentale en avait besoin, sans stigmate.',4);

INSERT INTO sub_domains (id,pillar_id,slug,name_en,name_fr,sort_order) VALUES ('00000000-0000-0000-0003-000000000096','00000000-0000-0000-0002-000000000023','physical-health','Physical Health','Physical Health',4);
INSERT INTO questions (id,sub_domain_id,text_en,text_fr,sort_order) VALUES ('00000000-0000-0000-0004-000000000391','00000000-0000-0000-0003-000000000096','I exercise or move my body regularly as part of my lifestyle.','Je fais de l''exercice ou bouge mon corps régulièrement comme partie de mon style de vie.',1);
INSERT INTO questions (id,sub_domain_id,text_en,text_fr,sort_order) VALUES ('00000000-0000-0000-0004-000000000392','00000000-0000-0000-0003-000000000096','I eat in a way that nourishes and energises me.','Je mange d''une manière qui me nourrit et m''énergise.',2);
INSERT INTO questions (id,sub_domain_id,text_en,text_fr,sort_order) VALUES ('00000000-0000-0000-0004-000000000393','00000000-0000-0000-0003-000000000096','I get enough quality sleep most nights.','J''ai un sommeil de qualité suffisant la plupart des nuits.',3);
INSERT INTO questions (id,sub_domain_id,text_en,text_fr,sort_order) VALUES ('00000000-0000-0000-0004-000000000394','00000000-0000-0000-0003-000000000096','I take care of my physical health proactively — checkups, rest, hydration.','Je prends soin de ma santé physique de manière proactive — bilans, repos, hydratation.',4);


INSERT INTO pillars (id,track_id,slug,name_en,name_fr,description_en,description_fr,sort_order) VALUES ('00000000-0000-0000-0002-000000000024','00000000-0000-0000-0001-000000000005','relational-intelligence','Relational Intelligence','Relational Intelligence','No one grows alone','No one grows alone',4);
INSERT INTO sub_domains (id,pillar_id,slug,name_en,name_fr,sort_order) VALUES ('00000000-0000-0000-0003-000000000097','00000000-0000-0000-0002-000000000024','communication-skills','Communication Skills','Communication Skills',1);
INSERT INTO questions (id,sub_domain_id,text_en,text_fr,sort_order) VALUES ('00000000-0000-0000-0004-000000000395','00000000-0000-0000-0003-000000000097','I express myself clearly and honestly without being hurtful.','Je m''exprime clairement et honnêtement sans être blessant.',1);
INSERT INTO questions (id,sub_domain_id,text_en,text_fr,sort_order) VALUES ('00000000-0000-0000-0004-000000000396','00000000-0000-0000-0003-000000000097','I am a good listener — I hear people out before responding.','Je suis un bon auditeur — j''écoute les gens avant de répondre.',2);
INSERT INTO questions (id,sub_domain_id,text_en,text_fr,sort_order) VALUES ('00000000-0000-0000-0004-000000000397','00000000-0000-0000-0003-000000000097','I adapt my communication style depending on who I''m speaking with.','J''adapte mon style de communication selon la personne à qui je parle.',3);
INSERT INTO questions (id,sub_domain_id,text_en,text_fr,sort_order) VALUES ('00000000-0000-0000-0004-000000000398','00000000-0000-0000-0003-000000000097','I can have difficult conversations without avoiding or attacking.','Je peux avoir des conversations difficiles sans éviter ou attaquer.',4);

INSERT INTO sub_domains (id,pillar_id,slug,name_en,name_fr,sort_order) VALUES ('00000000-0000-0000-0003-000000000098','00000000-0000-0000-0002-000000000024','conflict-management','Conflict Management','Conflict Management',2);
INSERT INTO questions (id,sub_domain_id,text_en,text_fr,sort_order) VALUES ('00000000-0000-0000-0004-000000000399','00000000-0000-0000-0003-000000000098','I address conflict directly rather than avoiding or suppressing it.','J''aborde les conflits directement plutôt que de les éviter ou les supprimer.',1);
INSERT INTO questions (id,sub_domain_id,text_en,text_fr,sort_order) VALUES ('00000000-0000-0000-0004-000000000400','00000000-0000-0000-0003-000000000098','I can disagree with someone without damaging the relationship.','Je peux être en désaccord avec quelqu''un sans endommager la relation.',2);
INSERT INTO questions (id,sub_domain_id,text_en,text_fr,sort_order) VALUES ('00000000-0000-0000-0004-000000000401','00000000-0000-0000-0003-000000000098','I seek understanding before trying to be understood in disagreements.','Je cherche à comprendre avant d''essayer d''être compris dans les désaccords.',3);
INSERT INTO questions (id,sub_domain_id,text_en,text_fr,sort_order) VALUES ('00000000-0000-0000-0004-000000000402','00000000-0000-0000-0003-000000000098','I don''t hold grudges — I resolve issues and move forward.','Je ne garde pas rancune — je résous les problèmes et passe à autre chose.',4);

INSERT INTO sub_domains (id,pillar_id,slug,name_en,name_fr,sort_order) VALUES ('00000000-0000-0000-0003-000000000099','00000000-0000-0000-0002-000000000024','boundaries','Boundaries','Boundaries',3);
INSERT INTO questions (id,sub_domain_id,text_en,text_fr,sort_order) VALUES ('00000000-0000-0000-0004-000000000403','00000000-0000-0000-0003-000000000099','I can say ''no'' without guilt when something doesn''t align with my priorities.','Je peux dire ''non'' sans culpabilité quand quelque chose ne correspond pas à mes priorités.',1);
INSERT INTO questions (id,sub_domain_id,text_en,text_fr,sort_order) VALUES ('00000000-0000-0000-0004-000000000404','00000000-0000-0000-0003-000000000099','I know the difference between being kind and being a pushover.','Je connais la différence entre être gentil et être un paillasson.',2);
INSERT INTO questions (id,sub_domain_id,text_en,text_fr,sort_order) VALUES ('00000000-0000-0000-0004-000000000405','00000000-0000-0000-0003-000000000099','I have healthy boundaries with family, friends, and work.','J''ai des limites saines avec la famille, les amis et le travail.',3);
INSERT INTO questions (id,sub_domain_id,text_en,text_fr,sort_order) VALUES ('00000000-0000-0000-0004-000000000406','00000000-0000-0000-0003-000000000099','I respect other people''s boundaries as much as I expect them to respect mine.','Je respecte les limites des autres autant que j''attends qu''ils respectent les miennes.',4);

INSERT INTO sub_domains (id,pillar_id,slug,name_en,name_fr,sort_order) VALUES ('00000000-0000-0000-0003-000000000100','00000000-0000-0000-0002-000000000024','community-belonging','Community & Belonging','Community & Belonging',4);
INSERT INTO questions (id,sub_domain_id,text_en,text_fr,sort_order) VALUES ('00000000-0000-0000-0004-000000000407','00000000-0000-0000-0003-000000000100','I have meaningful relationships where I am known and loved.','J''ai des relations significatives où je suis connu et aimé.',1);
INSERT INTO questions (id,sub_domain_id,text_en,text_fr,sort_order) VALUES ('00000000-0000-0000-0004-000000000408','00000000-0000-0000-0003-000000000100','I invest intentionally in building and maintaining friendships.','J''investis intentionnellement dans la construction et le maintien d''amitiés.',2);
INSERT INTO questions (id,sub_domain_id,text_en,text_fr,sort_order) VALUES ('00000000-0000-0000-0004-000000000409','00000000-0000-0000-0003-000000000100','I belong to a community (church, group, network) that supports my growth.','J''appartiens à une communauté (église, groupe, réseau) qui soutient ma croissance.',3);
INSERT INTO questions (id,sub_domain_id,text_en,text_fr,sort_order) VALUES ('00000000-0000-0000-0004-000000000410','00000000-0000-0000-0003-000000000100','I don''t isolate myself — I allow others to speak into my life.','Je ne m''isole pas — je permets aux autres de parler dans ma vie.',4);


INSERT INTO pillars (id,track_id,slug,name_en,name_fr,description_en,description_fr,sort_order) VALUES ('00000000-0000-0000-0002-000000000025','00000000-0000-0000-0001-000000000005','purpose-productivity','Purpose & Productivity','Purpose & Productivity','From self-improvement to contribution','From self-improvement to contribution',5);
INSERT INTO sub_domains (id,pillar_id,slug,name_en,name_fr,sort_order) VALUES ('00000000-0000-0000-0003-000000000101','00000000-0000-0000-0002-000000000025','goal-setting-planning','Goal Setting & Planning','Goal Setting & Planning',1);
INSERT INTO questions (id,sub_domain_id,text_en,text_fr,sort_order) VALUES ('00000000-0000-0000-0004-000000000411','00000000-0000-0000-0003-000000000101','I set clear, specific goals for different areas of my life.','Je fixe des objectifs clairs et spécifiques pour différents domaines de ma vie.',1);
INSERT INTO questions (id,sub_domain_id,text_en,text_fr,sort_order) VALUES ('00000000-0000-0000-0004-000000000412','00000000-0000-0000-0003-000000000101','I break big goals into small, actionable steps with timelines.','Je décompose les grands objectifs en petites étapes actionnables avec des échéances.',2);
INSERT INTO questions (id,sub_domain_id,text_en,text_fr,sort_order) VALUES ('00000000-0000-0000-0004-000000000413','00000000-0000-0000-0003-000000000101','I review my goals regularly and track my progress.','Je révise mes objectifs régulièrement et suis mes progrès.',3);
INSERT INTO questions (id,sub_domain_id,text_en,text_fr,sort_order) VALUES ('00000000-0000-0000-0004-000000000414','00000000-0000-0000-0003-000000000101','I adjust my goals when circumstances change rather than abandoning them.','J''ajuste mes objectifs quand les circonstances changent plutôt que de les abandonner.',4);

INSERT INTO sub_domains (id,pillar_id,slug,name_en,name_fr,sort_order) VALUES ('00000000-0000-0000-0003-000000000102','00000000-0000-0000-0002-000000000025','time-management-discipline','Time Management & Discipline','Time Management & Discipline',2);
INSERT INTO questions (id,sub_domain_id,text_en,text_fr,sort_order) VALUES ('00000000-0000-0000-0004-000000000415','00000000-0000-0000-0003-000000000102','I manage my time intentionally rather than just reacting to what comes up.','Je gère mon temps intentionnellement plutôt que de simplement réagir à ce qui arrive.',1);
INSERT INTO questions (id,sub_domain_id,text_en,text_fr,sort_order) VALUES ('00000000-0000-0000-0004-000000000416','00000000-0000-0000-0003-000000000102','I prioritise what''s important over what''s urgent.','Je priorise ce qui est important sur ce qui est urgent.',2);
INSERT INTO questions (id,sub_domain_id,text_en,text_fr,sort_order) VALUES ('00000000-0000-0000-0004-000000000417','00000000-0000-0000-0003-000000000102','I have daily routines and habits that support my goals.','J''ai des routines et habitudes quotidiennes qui soutiennent mes objectifs.',3);
INSERT INTO questions (id,sub_domain_id,text_en,text_fr,sort_order) VALUES ('00000000-0000-0000-0004-000000000418','00000000-0000-0000-0003-000000000102','I avoid chronic procrastination and time-wasting activities.','J''évite la procrastination chronique et les activités qui gaspillent du temps.',4);

INSERT INTO sub_domains (id,pillar_id,slug,name_en,name_fr,sort_order) VALUES ('00000000-0000-0000-0003-000000000103','00000000-0000-0000-0002-000000000025','financial-literacy','Financial Literacy','Financial Literacy',3);
INSERT INTO questions (id,sub_domain_id,text_en,text_fr,sort_order) VALUES ('00000000-0000-0000-0004-000000000419','00000000-0000-0000-0003-000000000103','I have a personal budget and I generally stick to it.','J''ai un budget personnel et je le respecte généralement.',1);
INSERT INTO questions (id,sub_domain_id,text_en,text_fr,sort_order) VALUES ('00000000-0000-0000-0004-000000000420','00000000-0000-0000-0003-000000000103','I understand the basics of saving, investing, and managing debt.','Je comprends les bases de l''épargne, de l''investissement et de la gestion de la dette.',2);
INSERT INTO questions (id,sub_domain_id,text_en,text_fr,sort_order) VALUES ('00000000-0000-0000-0004-000000000421','00000000-0000-0000-0003-000000000103','I make financial decisions based on planning, not impulse.','Je prends des décisions financières basées sur la planification, pas l''impulsion.',3);
INSERT INTO questions (id,sub_domain_id,text_en,text_fr,sort_order) VALUES ('00000000-0000-0000-0004-000000000422','00000000-0000-0000-0003-000000000103','I am building financial stability rather than living paycheck to paycheck.','Je construis une stabilité financière plutôt que de vivre au jour le jour.',4);

INSERT INTO sub_domains (id,pillar_id,slug,name_en,name_fr,sort_order) VALUES ('00000000-0000-0000-0003-000000000104','00000000-0000-0000-0002-000000000025','career-vocation-clarity','Career & Vocation Clarity','Career & Vocation Clarity',4);
INSERT INTO questions (id,sub_domain_id,text_en,text_fr,sort_order) VALUES ('00000000-0000-0000-0004-000000000423','00000000-0000-0000-0003-000000000104','I am clear on what kind of work energises me and fits my strengths.','Je suis clair sur le type de travail qui m''énergise et correspond à mes forces.',1);
INSERT INTO questions (id,sub_domain_id,text_en,text_fr,sort_order) VALUES ('00000000-0000-0000-0004-000000000424','00000000-0000-0000-0003-000000000104','I am actively developing skills that will advance my career or calling.','Je développe activement des compétences qui feront avancer ma carrière ou mon appel.',2);
INSERT INTO questions (id,sub_domain_id,text_en,text_fr,sort_order) VALUES ('00000000-0000-0000-0004-000000000425','00000000-0000-0000-0003-000000000104','I am in the right lane professionally — or I have a plan to get there.','Je suis dans la bonne voie professionnellement — ou j''ai un plan pour y arriver.',3);
INSERT INTO questions (id,sub_domain_id,text_en,text_fr,sort_order) VALUES ('00000000-0000-0000-0004-000000000426','00000000-0000-0000-0003-000000000104','I don''t just work for money — I work for meaning and contribution.','Je ne travaille pas seulement pour l''argent — je travaille pour le sens et la contribution.',4);

INSERT INTO sub_domains (id,pillar_id,slug,name_en,name_fr,sort_order) VALUES ('00000000-0000-0000-0003-000000000105','00000000-0000-0000-0002-000000000025','leadership-readiness-legacy','Leadership Readiness & Legacy','Leadership Readiness & Legacy',5);
INSERT INTO questions (id,sub_domain_id,text_en,text_fr,sort_order) VALUES ('00000000-0000-0000-0004-000000000427','00000000-0000-0000-0003-000000000105','I am ready and willing to lead others, not just manage myself.','Je suis prêt et disposé à diriger les autres, pas seulement à me gérer moi-même.',1);
INSERT INTO questions (id,sub_domain_id,text_en,text_fr,sort_order) VALUES ('00000000-0000-0000-0004-000000000428','00000000-0000-0000-0003-000000000105','I think about the impact I want to have on the world around me.','Je pense à l''impact que je veux avoir sur le monde autour de moi.',2);
INSERT INTO questions (id,sub_domain_id,text_en,text_fr,sort_order) VALUES ('00000000-0000-0000-0004-000000000429','00000000-0000-0000-0003-000000000105','I serve and give back to my community or church regularly.','Je sers et redonne à ma communauté ou mon église régulièrement.',3);
INSERT INTO questions (id,sub_domain_id,text_en,text_fr,sort_order) VALUES ('00000000-0000-0000-0004-000000000430','00000000-0000-0000-0003-000000000105','I live with the end in mind — my daily choices reflect my long-term vision.','Je vis avec la fin en tête — mes choix quotidiens reflètent ma vision à long terme.',4);

INSERT INTO sub_domains (id,pillar_id,slug,name_en,name_fr,sort_order) VALUES ('00000000-0000-0000-0003-000000000106','00000000-0000-0000-0002-000000000025','learning-skill-development','Learning & Skill Development','Learning & Skill Development',6);
INSERT INTO questions (id,sub_domain_id,text_en,text_fr,sort_order) VALUES ('00000000-0000-0000-0004-000000000431','00000000-0000-0000-0003-000000000106','I am actively learning new skills relevant to my goals and calling.','J''apprends activement de nouvelles compétences pertinentes pour mes objectifs et mon appel.',1);
INSERT INTO questions (id,sub_domain_id,text_en,text_fr,sort_order) VALUES ('00000000-0000-0000-0004-000000000432','00000000-0000-0000-0003-000000000106','I read, listen to podcasts, or take courses regularly to grow.','Je lis, écoute des podcasts ou suis des cours régulièrement pour grandir.',2);
INSERT INTO questions (id,sub_domain_id,text_en,text_fr,sort_order) VALUES ('00000000-0000-0000-0004-000000000433','00000000-0000-0000-0003-000000000106','I invest time and money in my own development.','J''investis du temps et de l''argent dans mon propre développement.',3);
INSERT INTO questions (id,sub_domain_id,text_en,text_fr,sort_order) VALUES ('00000000-0000-0000-0004-000000000434','00000000-0000-0000-0003-000000000106','I apply what I learn rather than just consuming information passively.','J''applique ce que j''apprends plutôt que de simplement consommer de l''information passivement.',4);


-- TOTALS: 5 tracks, 25 pillars, 106 dimensions, 434 questions